INSERT INTO roles (role_id, name, code, gym_id, full_access, status) VALUES
(1, 'Super administrador', 'SuperAdmin', NULL, true, true),
(2, 'Usuario', 'Usuario', NULL, false, true),
(3, 'Administrador', 'Administrador', NULL, false, true),
(4, 'Entrenador', 'Entrenador', NULL, false, true),
(5, 'Recepcionista', 'Recepcionista', NULL, false, true);


INSERT INTO sexos (sexo_id, name, code, status) VALUES
(1, 'Masculino', 'M', true),
(2, 'Femenino', 'F', true),
(3, 'Otro', 'O', true);


INSERT INTO type_documents (type_document_id, name, code, status) VALUES
(1, 'Cédula de ciudadanía', 'CC', true),
(2, 'Cédula de extranjería', 'CE', true),
(3, 'Pasaporte', 'PA', true),
(4, 'Tarjeta de identidad', 'TI', true);


INSERT INTO countries (country_id, name, code, status) values
(1, 'Colombia', 'CO', true),

INSERT INTO public.departaments (departament_id, contry_id, "name", status) VALUES(5, 1, 'Antioquia', true);
INSERT INTO public.departaments (departament_id, contry_id, "name", status) VALUES(8, 1, 'Atlantico', true);
INSERT INTO public.departaments (departament_id, contry_id, "name", status) VALUES(11, 1, 'Bogota d.c', true);
INSERT INTO public.departaments (departament_id, contry_id, "name", status) VALUES(13, 1, 'Bolivar', true);
INSERT INTO public.departaments (departament_id, contry_id, "name", status) VALUES(15, 1, 'Boyaca', true);
INSERT INTO public.departaments (departament_id, contry_id, "name", status) VALUES(17, 1, 'Caldas', true);
INSERT INTO public.departaments (departament_id, contry_id, "name", status) VALUES(18, 1, 'Caqueta', true);
INSERT INTO public.departaments (departament_id, contry_id, "name", status) VALUES(19, 1, 'Cauca', true);
INSERT INTO public.departaments (departament_id, contry_id, "name", status) VALUES(20, 1, 'Cesar', true);
INSERT INTO public.departaments (departament_id, contry_id, "name", status) VALUES(23, 1, 'Cordoba', true);
INSERT INTO public.departaments (departament_id, contry_id, "name", status) VALUES(25, 1, 'Cundinamarca', true);
INSERT INTO public.departaments (departament_id, contry_id, "name", status) VALUES(27, 1, 'Choco', true);
INSERT INTO public.departaments (departament_id, contry_id, "name", status) VALUES(41, 1, 'Huila', true);
INSERT INTO public.departaments (departament_id, contry_id, "name", status) VALUES(44, 1, 'La guajira', true);
INSERT INTO public.departaments (departament_id, contry_id, "name", status) VALUES(47, 1, 'Magdalena', true);
INSERT INTO public.departaments (departament_id, contry_id, "name", status) VALUES(50, 1, 'Meta', true);
INSERT INTO public.departaments (departament_id, contry_id, "name", status) VALUES(52, 1, 'Narino', true);
INSERT INTO public.departaments (departament_id, contry_id, "name", status) VALUES(54, 1, 'Norte de santander', true);
INSERT INTO public.departaments (departament_id, contry_id, "name", status) VALUES(63, 1, 'Quindio', true);
INSERT INTO public.departaments (departament_id, contry_id, "name", status) VALUES(66, 1, 'Risaralda', true);
INSERT INTO public.departaments (departament_id, contry_id, "name", status) VALUES(68, 1, 'Santander', true);
INSERT INTO public.departaments (departament_id, contry_id, "name", status) VALUES(70, 1, 'Sucre', true);
INSERT INTO public.departaments (departament_id, contry_id, "name", status) VALUES(73, 1, 'Tolima', true);
INSERT INTO public.departaments (departament_id, contry_id, "name", status) VALUES(76, 1, 'Valle del cauca', true);
INSERT INTO public.departaments (departament_id, contry_id, "name", status) VALUES(81, 1, 'Arauca', true);
INSERT INTO public.departaments (departament_id, contry_id, "name", status) VALUES(85, 1, 'Casanare', true);
INSERT INTO public.departaments (departament_id, contry_id, "name", status) VALUES(86, 1, 'Putumayo', true);
INSERT INTO public.departaments (departament_id, contry_id, "name", status) VALUES(88, 1, 'San andres y providencia', true);
INSERT INTO public.departaments (departament_id, contry_id, "name", status) VALUES(91, 1, 'Amazonas', true);
INSERT INTO public.departaments (departament_id, contry_id, "name", status) VALUES(94, 1, 'Guainia', true);
INSERT INTO public.departaments (departament_id, contry_id, "name", status) VALUES(95, 1, 'Guaviare', true);
INSERT INTO public.departaments (departament_id, contry_id, "name", status) VALUES(97, 1, 'Vaupes', true);
INSERT INTO public.departaments (departament_id, contry_id, "name", status) VALUES(99, 1, 'Vichada', true);
INSERT INTO public.departaments (departament_id, contry_id, "name", status) VALUES(1000, 1, 'Castilla - mancha (españa)', true);
INSERT INTO public.departaments (departament_id, contry_id, "name", status) VALUES(1001, 1, 'Panama', true);


INSERT INTO public.municipalities (municipalitie_id, departament_id, "name", status) VALUES(1, 91, 'El encanto', true);
INSERT INTO public.municipalities (municipalitie_id, departament_id, "name", status) VALUES(2, 91, 'La chorrera', true);
INSERT INTO public.municipalities (municipalitie_id, departament_id, "name", status) VALUES(3, 91, 'La pedrera', true);
INSERT INTO public.municipalities (municipalitie_id, departament_id, "name", status) VALUES(4, 91, 'La victoria', true);
INSERT INTO public.municipalities (municipalitie_id, departament_id, "name", status) VALUES(5, 91, 'Leticia', true);
INSERT INTO public.municipalities (municipalitie_id, departament_id, "name", status) VALUES(6, 91, 'Miriti - parana', true);
INSERT INTO public.municipalities (municipalitie_id, departament_id, "name", status) VALUES(7, 91, 'Puerto alegria', true);
INSERT INTO public.municipalities (municipalitie_id, departament_id, "name", status) VALUES(8, 91, 'Puerto arica', true);
INSERT INTO public.municipalities (municipalitie_id, departament_id, "name", status) VALUES(9, 91, 'Puerto nariño', true);
INSERT INTO public.municipalities (municipalitie_id, departament_id, "name", status) VALUES(10, 91, 'Puerto santander', true);
INSERT INTO public.municipalities (municipalitie_id, departament_id, "name", status) VALUES(11, 91, 'Tarapaca', true);
INSERT INTO public.municipalities (municipalitie_id, departament_id, "name", status) VALUES(12, 5, 'Abejorral', true);
INSERT INTO public.municipalities (municipalitie_id, departament_id, "name", status) VALUES(13, 5, 'Abriaqui', true);
INSERT INTO public.municipalities (municipalitie_id, departament_id, "name", status) VALUES(14, 5, 'Alejandria', true);
INSERT INTO public.municipalities (municipalitie_id, departament_id, "name", status) VALUES(15, 5, 'Amaga', true);
INSERT INTO public.municipalities (municipalitie_id, departament_id, "name", status) VALUES(16, 5, 'Amalfi', true);
INSERT INTO public.municipalities (municipalitie_id, departament_id, "name", status) VALUES(17, 5, 'Andesx', true);
INSERT INTO public.municipalities (municipalitie_id, departament_id, "name", status) VALUES(18, 5, 'Angelopolis', true);
INSERT INTO public.municipalities (municipalitie_id, departament_id, "name", status) VALUES(19, 5, 'Angostura', true);
INSERT INTO public.municipalities (municipalitie_id, departament_id, "name", status) VALUES(20, 5, 'Anori', true);
INSERT INTO public.municipalities (municipalitie_id, departament_id, "name", status) VALUES(21, 5, 'Anza', true);
INSERT INTO public.municipalities (municipalitie_id, departament_id, "name", status) VALUES(22, 5, 'Apartado', true);
INSERT INTO public.municipalities (municipalitie_id, departament_id, "name", status) VALUES(23, 5, 'Arboletes', true);
INSERT INTO public.municipalities (municipalitie_id, departament_id, "name", status) VALUES(24, 5, 'Argelia', true);
INSERT INTO public.municipalities (municipalitie_id, departament_id, "name", status) VALUES(25, 5, 'Armenia', true);
INSERT INTO public.municipalities (municipalitie_id, departament_id, "name", status) VALUES(26, 5, 'Barbosa', true);
INSERT INTO public.municipalities (municipalitie_id, departament_id, "name", status) VALUES(27, 5, 'Bello', true);
INSERT INTO public.municipalities (municipalitie_id, departament_id, "name", status) VALUES(28, 5, 'Belmira', true);
INSERT INTO public.municipalities (municipalitie_id, departament_id, "name", status) VALUES(29, 5, 'Betania', true);
INSERT INTO public.municipalities (municipalitie_id, departament_id, "name", status) VALUES(30, 5, 'Betulia', true);
INSERT INTO public.municipalities (municipalitie_id, departament_id, "name", status) VALUES(31, 5, 'Briceño', true);
INSERT INTO public.municipalities (municipalitie_id, departament_id, "name", status) VALUES(32, 5, 'Buritica', true);
INSERT INTO public.municipalities (municipalitie_id, departament_id, "name", status) VALUES(33, 5, 'Caceres', true);
INSERT INTO public.municipalities (municipalitie_id, departament_id, "name", status) VALUES(34, 5, 'Caicedo', true);
INSERT INTO public.municipalities (municipalitie_id, departament_id, "name", status) VALUES(35, 5, 'Caldas', true);
INSERT INTO public.municipalities (municipalitie_id, departament_id, "name", status) VALUES(36, 5, 'Campamento', true);
INSERT INTO public.municipalities (municipalitie_id, departament_id, "name", status) VALUES(37, 5, 'Cañasgordas', true);
INSERT INTO public.municipalities (municipalitie_id, departament_id, "name", status) VALUES(38, 5, 'Caracoli', true);
INSERT INTO public.municipalities (municipalitie_id, departament_id, "name", status) VALUES(39, 5, 'Caramanta', true);
INSERT INTO public.municipalities (municipalitie_id, departament_id, "name", status) VALUES(40, 5, 'Carepa', true);
INSERT INTO public.municipalities (municipalitie_id, departament_id, "name", status) VALUES(41, 5, 'Chigorodo', true);
INSERT INTO public.municipalities (municipalitie_id, departament_id, "name", status) VALUES(42, 70, 'Los palmitos', true);
INSERT INTO public.municipalities (municipalitie_id, departament_id, "name", status) VALUES(43, 70, 'Majagual', true);
INSERT INTO public.municipalities (municipalitie_id, departament_id, "name", status) VALUES(44, 70, 'Morroa', true);
INSERT INTO public.municipalities (municipalitie_id, departament_id, "name", status) VALUES(45, 70, 'Ovejas', true);
INSERT INTO public.municipalities (municipalitie_id, departament_id, "name", status) VALUES(46, 70, 'Palmito', true);
INSERT INTO public.municipalities (municipalitie_id, departament_id, "name", status) VALUES(47, 70, 'Sampues', true);
INSERT INTO public.municipalities (municipalitie_id, departament_id, "name", status) VALUES(48, 70, 'San benito abad', true);
INSERT INTO public.municipalities (municipalitie_id, departament_id, "name", status) VALUES(49, 70, 'San juan de betulia', true);
INSERT INTO public.municipalities (municipalitie_id, departament_id, "name", status) VALUES(50, 70, 'San marcos', true);
INSERT INTO public.municipalities (municipalitie_id, departament_id, "name", status) VALUES(51, 70, 'San onofre', true);
INSERT INTO public.municipalities (municipalitie_id, departament_id, "name", status) VALUES(52, 70, 'San pedro', true);
INSERT INTO public.municipalities (municipalitie_id, departament_id, "name", status) VALUES(53, 70, 'Santiago de tolu', true);
INSERT INTO public.municipalities (municipalitie_id, departament_id, "name", status) VALUES(54, 70, 'Since', true);
INSERT INTO public.municipalities (municipalitie_id, departament_id, "name", status) VALUES(55, 70, 'Sincelejo', true);
INSERT INTO public.municipalities (municipalitie_id, departament_id, "name", status) VALUES(56, 70, 'Sucre', true);
INSERT INTO public.municipalities (municipalitie_id, departament_id, "name", status) VALUES(57, 70, 'Tolu viejo', true);
INSERT INTO public.municipalities (municipalitie_id, departament_id, "name", status) VALUES(58, 73, 'Alpujarra', true);
INSERT INTO public.municipalities (municipalitie_id, departament_id, "name", status) VALUES(59, 73, 'Alvarado', true);
INSERT INTO public.municipalities (municipalitie_id, departament_id, "name", status) VALUES(60, 73, 'Ambalema', true);
INSERT INTO public.municipalities (municipalitie_id, departament_id, "name", status) VALUES(61, 73, 'Anzoategui', true);
INSERT INTO public.municipalities (municipalitie_id, departament_id, "name", status) VALUES(62, 73, 'Armero', true);
INSERT INTO public.municipalities (municipalitie_id, departament_id, "name", status) VALUES(63, 73, 'Ataco', true);
INSERT INTO public.municipalities (municipalitie_id, departament_id, "name", status) VALUES(64, 73, 'Cajamarca', true);
INSERT INTO public.municipalities (municipalitie_id, departament_id, "name", status) VALUES(65, 73, 'Carmen de apicala', true);
INSERT INTO public.municipalities (municipalitie_id, departament_id, "name", status) VALUES(66, 73, 'Casabianca', true);
INSERT INTO public.municipalities (municipalitie_id, departament_id, "name", status) VALUES(67, 73, 'Chaparral', true);
INSERT INTO public.municipalities (municipalitie_id, departament_id, "name", status) VALUES(68, 73, 'Coello', true);
INSERT INTO public.municipalities (municipalitie_id, departament_id, "name", status) VALUES(69, 73, 'Coyaima', true);
INSERT INTO public.municipalities (municipalitie_id, departament_id, "name", status) VALUES(70, 73, 'Cunday', true);
INSERT INTO public.municipalities (municipalitie_id, departament_id, "name", status) VALUES(71, 73, 'Dolores', true);
INSERT INTO public.municipalities (municipalitie_id, departament_id, "name", status) VALUES(72, 73, 'Espinal', true);
INSERT INTO public.municipalities (municipalitie_id, departament_id, "name", status) VALUES(73, 73, 'Falan', true);
INSERT INTO public.municipalities (municipalitie_id, departament_id, "name", status) VALUES(74, 41, 'Hobo', true);
INSERT INTO public.municipalities (municipalitie_id, departament_id, "name", status) VALUES(75, 5, 'Cisneros', true);
INSERT INTO public.municipalities (municipalitie_id, departament_id, "name", status) VALUES(76, 68, 'Tona', true);
INSERT INTO public.municipalities (municipalitie_id, departament_id, "name", status) VALUES(77, 5, 'Dabeiba', true);
INSERT INTO public.municipalities (municipalitie_id, departament_id, "name", status) VALUES(78, 5, 'Don matias', true);
INSERT INTO public.municipalities (municipalitie_id, departament_id, "name", status) VALUES(79, 5, 'Ebejico', true);
INSERT INTO public.municipalities (municipalitie_id, departament_id, "name", status) VALUES(80, 5, 'El bagre', true);
INSERT INTO public.municipalities (municipalitie_id, departament_id, "name", status) VALUES(81, 5, 'El carmen de viboral', true);
INSERT INTO public.municipalities (municipalitie_id, departament_id, "name", status) VALUES(82, 5, 'El santuario', true);
INSERT INTO public.municipalities (municipalitie_id, departament_id, "name", status) VALUES(83, 5, 'Entrerrios', true);
INSERT INTO public.municipalities (municipalitie_id, departament_id, "name", status) VALUES(84, 5, 'Envigado', true);
INSERT INTO public.municipalities (municipalitie_id, departament_id, "name", status) VALUES(85, 5, 'Fredonia', true);
INSERT INTO public.municipalities (municipalitie_id, departament_id, "name", status) VALUES(86, 5, 'Frontino', true);
INSERT INTO public.municipalities (municipalitie_id, departament_id, "name", status) VALUES(87, 5, 'Giraldo', true);
INSERT INTO public.municipalities (municipalitie_id, departament_id, "name", status) VALUES(88, 5, 'Girardota', true);
INSERT INTO public.municipalities (municipalitie_id, departament_id, "name", status) VALUES(89, 5, 'Gomez plata', true);
INSERT INTO public.municipalities (municipalitie_id, departament_id, "name", status) VALUES(90, 5, 'Granada', true);
INSERT INTO public.municipalities (municipalitie_id, departament_id, "name", status) VALUES(91, 5, 'Guadalupe', true);
INSERT INTO public.municipalities (municipalitie_id, departament_id, "name", status) VALUES(92, 5, 'Guarne', true);
INSERT INTO public.municipalities (municipalitie_id, departament_id, "name", status) VALUES(93, 5, 'Guatape', true);
INSERT INTO public.municipalities (municipalitie_id, departament_id, "name", status) VALUES(94, 5, 'Heliconia', true);
INSERT INTO public.municipalities (municipalitie_id, departament_id, "name", status) VALUES(95, 5, 'Hispania', true);
INSERT INTO public.municipalities (municipalitie_id, departament_id, "name", status) VALUES(96, 5, 'Itagui', true);
INSERT INTO public.municipalities (municipalitie_id, departament_id, "name", status) VALUES(97, 5, 'Ituango', true);
INSERT INTO public.municipalities (municipalitie_id, departament_id, "name", status) VALUES(98, 5, 'Jardin', true);
INSERT INTO public.municipalities (municipalitie_id, departament_id, "name", status) VALUES(99, 5, 'Jerico', true);
INSERT INTO public.municipalities (municipalitie_id, departament_id, "name", status) VALUES(100, 5, 'La ceja', true);
INSERT INTO public.municipalities (municipalitie_id, departament_id, "name", status) VALUES(101, 5, 'La estrella', true);
INSERT INTO public.municipalities (municipalitie_id, departament_id, "name", status) VALUES(102, 5, 'La pintada', true);
INSERT INTO public.municipalities (municipalitie_id, departament_id, "name", status) VALUES(103, 5, 'La union', true);
INSERT INTO public.municipalities (municipalitie_id, departament_id, "name", status) VALUES(104, 5, 'Liborina', true);
INSERT INTO public.municipalities (municipalitie_id, departament_id, "name", status) VALUES(105, 5, 'Maceo', true);
INSERT INTO public.municipalities (municipalitie_id, departament_id, "name", status) VALUES(106, 5, 'Marinilla', true);
INSERT INTO public.municipalities (municipalitie_id, departament_id, "name", status) VALUES(107, 5, 'Medellin', true);
INSERT INTO public.municipalities (municipalitie_id, departament_id, "name", status) VALUES(108, 5, 'Montebello', true);
INSERT INTO public.municipalities (municipalitie_id, departament_id, "name", status) VALUES(109, 5, 'Murindo', true);
INSERT INTO public.municipalities (municipalitie_id, departament_id, "name", status) VALUES(110, 5, 'Mutata', true);
INSERT INTO public.municipalities (municipalitie_id, departament_id, "name", status) VALUES(111, 5, 'Nariño', true);
INSERT INTO public.municipalities (municipalitie_id, departament_id, "name", status) VALUES(112, 5, 'Nechi', true);
INSERT INTO public.municipalities (municipalitie_id, departament_id, "name", status) VALUES(113, 5, 'Necocli', true);
INSERT INTO public.municipalities (municipalitie_id, departament_id, "name", status) VALUES(114, 5, 'Olaya', true);
INSERT INTO public.municipalities (municipalitie_id, departament_id, "name", status) VALUES(115, 5, 'Peñol', true);
INSERT INTO public.municipalities (municipalitie_id, departament_id, "name", status) VALUES(116, 5, 'Peque', true);
INSERT INTO public.municipalities (municipalitie_id, departament_id, "name", status) VALUES(117, 5, 'Pueblorrico', true);
INSERT INTO public.municipalities (municipalitie_id, departament_id, "name", status) VALUES(118, 5, 'Puerto berrio', true);
INSERT INTO public.municipalities (municipalitie_id, departament_id, "name", status) VALUES(119, 5, 'Puerto nare', true);
INSERT INTO public.municipalities (municipalitie_id, departament_id, "name", status) VALUES(120, 5, 'Puerto triunfo', true);
INSERT INTO public.municipalities (municipalitie_id, departament_id, "name", status) VALUES(121, 5, 'Remedios', true);
INSERT INTO public.municipalities (municipalitie_id, departament_id, "name", status) VALUES(122, 5, 'Retiro', true);
INSERT INTO public.municipalities (municipalitie_id, departament_id, "name", status) VALUES(123, 5, 'Rionegro', true);
INSERT INTO public.municipalities (municipalitie_id, departament_id, "name", status) VALUES(124, 5, 'Sabanalarga', true);
INSERT INTO public.municipalities (municipalitie_id, departament_id, "name", status) VALUES(125, 5, 'Sabaneta', true);
INSERT INTO public.municipalities (municipalitie_id, departament_id, "name", status) VALUES(126, 5, 'Salgar', true);
INSERT INTO public.municipalities (municipalitie_id, departament_id, "name", status) VALUES(127, 5, 'San andres', true);
INSERT INTO public.municipalities (municipalitie_id, departament_id, "name", status) VALUES(128, 5, 'San carlos', true);
INSERT INTO public.municipalities (municipalitie_id, departament_id, "name", status) VALUES(129, 5, 'San francisco', true);
INSERT INTO public.municipalities (municipalitie_id, departament_id, "name", status) VALUES(130, 5, 'San jeronimo', true);
INSERT INTO public.municipalities (municipalitie_id, departament_id, "name", status) VALUES(131, 5, 'San jose de la montaña', true);
INSERT INTO public.municipalities (municipalitie_id, departament_id, "name", status) VALUES(132, 5, 'San juan de uraba', true);
INSERT INTO public.municipalities (municipalitie_id, departament_id, "name", status) VALUES(133, 5, 'San luis', true);
INSERT INTO public.municipalities (municipalitie_id, departament_id, "name", status) VALUES(134, 5, 'San pedro', true);
INSERT INTO public.municipalities (municipalitie_id, departament_id, "name", status) VALUES(135, 5, 'San pedro de uraba', true);
INSERT INTO public.municipalities (municipalitie_id, departament_id, "name", status) VALUES(136, 5, 'San rafael', true);
INSERT INTO public.municipalities (municipalitie_id, departament_id, "name", status) VALUES(137, 5, 'San roque', true);
INSERT INTO public.municipalities (municipalitie_id, departament_id, "name", status) VALUES(138, 5, 'San vicente', true);
INSERT INTO public.municipalities (municipalitie_id, departament_id, "name", status) VALUES(139, 5, 'Santa barbara', true);
INSERT INTO public.municipalities (municipalitie_id, departament_id, "name", status) VALUES(140, 5, 'Santa rosa de osos', true);
INSERT INTO public.municipalities (municipalitie_id, departament_id, "name", status) VALUES(141, 5, 'Santafe de antioquia', true);
INSERT INTO public.municipalities (municipalitie_id, departament_id, "name", status) VALUES(142, 5, 'Santo domingo', true);
INSERT INTO public.municipalities (municipalitie_id, departament_id, "name", status) VALUES(143, 5, 'Segovia', true);
INSERT INTO public.municipalities (municipalitie_id, departament_id, "name", status) VALUES(144, 5, 'Sonson', true);
INSERT INTO public.municipalities (municipalitie_id, departament_id, "name", status) VALUES(145, 5, 'Sopetran', true);
INSERT INTO public.municipalities (municipalitie_id, departament_id, "name", status) VALUES(146, 5, 'Tamesis', true);
INSERT INTO public.municipalities (municipalitie_id, departament_id, "name", status) VALUES(147, 5, 'Taraza', true);
INSERT INTO public.municipalities (municipalitie_id, departament_id, "name", status) VALUES(148, 5, 'Tarso', true);
INSERT INTO public.municipalities (municipalitie_id, departament_id, "name", status) VALUES(149, 5, 'Titiribi', true);
INSERT INTO public.municipalities (municipalitie_id, departament_id, "name", status) VALUES(150, 5, 'Toledo', true);
INSERT INTO public.municipalities (municipalitie_id, departament_id, "name", status) VALUES(151, 5, 'Turbo', true);
INSERT INTO public.municipalities (municipalitie_id, departament_id, "name", status) VALUES(152, 5, 'Uramita', true);
INSERT INTO public.municipalities (municipalitie_id, departament_id, "name", status) VALUES(153, 5, 'Urrao', true);
INSERT INTO public.municipalities (municipalitie_id, departament_id, "name", status) VALUES(154, 5, 'Valdivia', true);
INSERT INTO public.municipalities (municipalitie_id, departament_id, "name", status) VALUES(155, 5, 'Valparaiso', true);
INSERT INTO public.municipalities (municipalitie_id, departament_id, "name", status) VALUES(156, 5, 'Vegachi', true);
INSERT INTO public.municipalities (municipalitie_id, departament_id, "name", status) VALUES(157, 5, 'Venecia', true);
INSERT INTO public.municipalities (municipalitie_id, departament_id, "name", status) VALUES(158, 5, 'Vigia del fuerte', true);
INSERT INTO public.municipalities (municipalitie_id, departament_id, "name", status) VALUES(159, 5, 'Yali', true);
INSERT INTO public.municipalities (municipalitie_id, departament_id, "name", status) VALUES(160, 5, 'Yarumal', true);
INSERT INTO public.municipalities (municipalitie_id, departament_id, "name", status) VALUES(161, 5, 'Yolombo', true);
INSERT INTO public.municipalities (municipalitie_id, departament_id, "name", status) VALUES(162, 5, 'Yondo', true);
INSERT INTO public.municipalities (municipalitie_id, departament_id, "name", status) VALUES(163, 5, 'Zaragoza', true);
INSERT INTO public.municipalities (municipalitie_id, departament_id, "name", status) VALUES(164, 81, 'Arauca', true);
INSERT INTO public.municipalities (municipalitie_id, departament_id, "name", status) VALUES(165, 81, 'Arauquita', true);
INSERT INTO public.municipalities (municipalitie_id, departament_id, "name", status) VALUES(166, 81, 'Cravo norte', true);
INSERT INTO public.municipalities (municipalitie_id, departament_id, "name", status) VALUES(167, 81, 'Fortul', true);
INSERT INTO public.municipalities (municipalitie_id, departament_id, "name", status) VALUES(168, 81, 'Puerto rondon', true);
INSERT INTO public.municipalities (municipalitie_id, departament_id, "name", status) VALUES(169, 81, 'Saravena', true);
INSERT INTO public.municipalities (municipalitie_id, departament_id, "name", status) VALUES(170, 81, 'Tame', true);
INSERT INTO public.municipalities (municipalitie_id, departament_id, "name", status) VALUES(171, 88, 'Providencia', true);
INSERT INTO public.municipalities (municipalitie_id, departament_id, "name", status) VALUES(172, 88, 'San andres', true);
INSERT INTO public.municipalities (municipalitie_id, departament_id, "name", status) VALUES(173, 8, 'Baranoa', true);
INSERT INTO public.municipalities (municipalitie_id, departament_id, "name", status) VALUES(174, 8, 'Barranquilla', true);
INSERT INTO public.municipalities (municipalitie_id, departament_id, "name", status) VALUES(175, 8, 'Campo de la cruz', true);
INSERT INTO public.municipalities (municipalitie_id, departament_id, "name", status) VALUES(176, 8, 'Candelaria', true);
INSERT INTO public.municipalities (municipalitie_id, departament_id, "name", status) VALUES(177, 8, 'Galapa', true);
INSERT INTO public.municipalities (municipalitie_id, departament_id, "name", status) VALUES(178, 8, 'Juan de acosta', true);
INSERT INTO public.municipalities (municipalitie_id, departament_id, "name", status) VALUES(179, 8, 'Luruaco', true);
INSERT INTO public.municipalities (municipalitie_id, departament_id, "name", status) VALUES(180, 8, 'Malambo', true);
INSERT INTO public.municipalities (municipalitie_id, departament_id, "name", status) VALUES(181, 8, 'Manati', true);
INSERT INTO public.municipalities (municipalitie_id, departament_id, "name", status) VALUES(182, 8, 'Palmar de varela', true);
INSERT INTO public.municipalities (municipalitie_id, departament_id, "name", status) VALUES(183, 8, 'Piojo', true);
INSERT INTO public.municipalities (municipalitie_id, departament_id, "name", status) VALUES(184, 8, 'Polonuevo', true);
INSERT INTO public.municipalities (municipalitie_id, departament_id, "name", status) VALUES(185, 8, 'Ponedera', true);
INSERT INTO public.municipalities (municipalitie_id, departament_id, "name", status) VALUES(186, 8, 'Puerto colombia', true);
INSERT INTO public.municipalities (municipalitie_id, departament_id, "name", status) VALUES(187, 8, 'Repelon', true);
INSERT INTO public.municipalities (municipalitie_id, departament_id, "name", status) VALUES(188, 8, 'Sabanagrande', true);
INSERT INTO public.municipalities (municipalitie_id, departament_id, "name", status) VALUES(189, 8, 'Sabanalarga', true);
INSERT INTO public.municipalities (municipalitie_id, departament_id, "name", status) VALUES(190, 8, 'Santa lucia', true);
INSERT INTO public.municipalities (municipalitie_id, departament_id, "name", status) VALUES(191, 8, 'Santo tomas', true);
INSERT INTO public.municipalities (municipalitie_id, departament_id, "name", status) VALUES(192, 8, 'Soledad', true);
INSERT INTO public.municipalities (municipalitie_id, departament_id, "name", status) VALUES(193, 8, 'Suan', true);
INSERT INTO public.municipalities (municipalitie_id, departament_id, "name", status) VALUES(194, 8, 'Tubara', true);
INSERT INTO public.municipalities (municipalitie_id, departament_id, "name", status) VALUES(195, 8, 'Usiacuri', true);
INSERT INTO public.municipalities (municipalitie_id, departament_id, "name", status) VALUES(196, 11, 'Bogota', true);
INSERT INTO public.municipalities (municipalitie_id, departament_id, "name", status) VALUES(197, 13, 'Achi', true);
INSERT INTO public.municipalities (municipalitie_id, departament_id, "name", status) VALUES(198, 13, 'Altos del rosario', true);
INSERT INTO public.municipalities (municipalitie_id, departament_id, "name", status) VALUES(199, 13, 'Arenal', true);
INSERT INTO public.municipalities (municipalitie_id, departament_id, "name", status) VALUES(200, 13, 'Arjona', true);
INSERT INTO public.municipalities (municipalitie_id, departament_id, "name", status) VALUES(201, 13, 'Arroyohondo', true);
INSERT INTO public.municipalities (municipalitie_id, departament_id, "name", status) VALUES(202, 13, 'Barranco de loba', true);
INSERT INTO public.municipalities (municipalitie_id, departament_id, "name", status) VALUES(203, 13, 'Calamar', true);
INSERT INTO public.municipalities (municipalitie_id, departament_id, "name", status) VALUES(204, 13, 'Cantagallo', true);
INSERT INTO public.municipalities (municipalitie_id, departament_id, "name", status) VALUES(205, 13, 'Cartagena', true);
INSERT INTO public.municipalities (municipalitie_id, departament_id, "name", status) VALUES(206, 13, 'Cicuco', true);
INSERT INTO public.municipalities (municipalitie_id, departament_id, "name", status) VALUES(207, 13, 'Clemencia', true);
INSERT INTO public.municipalities (municipalitie_id, departament_id, "name", status) VALUES(208, 13, 'Cordoba', true);
INSERT INTO public.municipalities (municipalitie_id, departament_id, "name", status) VALUES(209, 13, 'El carmen de bolivar', true);
INSERT INTO public.municipalities (municipalitie_id, departament_id, "name", status) VALUES(210, 13, 'El guamo', true);
INSERT INTO public.municipalities (municipalitie_id, departament_id, "name", status) VALUES(211, 13, 'El peñon', true);
INSERT INTO public.municipalities (municipalitie_id, departament_id, "name", status) VALUES(212, 13, 'Hatillo de loba', true);
INSERT INTO public.municipalities (municipalitie_id, departament_id, "name", status) VALUES(213, 13, 'Magangue', true);
INSERT INTO public.municipalities (municipalitie_id, departament_id, "name", status) VALUES(214, 13, 'Mahates', true);
INSERT INTO public.municipalities (municipalitie_id, departament_id, "name", status) VALUES(215, 13, 'Margarita', true);
INSERT INTO public.municipalities (municipalitie_id, departament_id, "name", status) VALUES(216, 13, 'Maria la baja', true);
INSERT INTO public.municipalities (municipalitie_id, departament_id, "name", status) VALUES(217, 13, 'Mompos', true);
INSERT INTO public.municipalities (municipalitie_id, departament_id, "name", status) VALUES(218, 13, 'Montecristo', true);
INSERT INTO public.municipalities (municipalitie_id, departament_id, "name", status) VALUES(219, 13, 'Morales', true);
INSERT INTO public.municipalities (municipalitie_id, departament_id, "name", status) VALUES(220, 13, 'Pinillos', true);
INSERT INTO public.municipalities (municipalitie_id, departament_id, "name", status) VALUES(221, 13, 'Regidor', true);
INSERT INTO public.municipalities (municipalitie_id, departament_id, "name", status) VALUES(222, 13, 'Rio viejo', true);
INSERT INTO public.municipalities (municipalitie_id, departament_id, "name", status) VALUES(223, 13, 'San cristobal', true);
INSERT INTO public.municipalities (municipalitie_id, departament_id, "name", status) VALUES(224, 13, 'San estanislao', true);
INSERT INTO public.municipalities (municipalitie_id, departament_id, "name", status) VALUES(225, 13, 'San fernando', true);
INSERT INTO public.municipalities (municipalitie_id, departament_id, "name", status) VALUES(226, 13, 'San jacinto', true);
INSERT INTO public.municipalities (municipalitie_id, departament_id, "name", status) VALUES(227, 13, 'San jacinto del cauca', true);
INSERT INTO public.municipalities (municipalitie_id, departament_id, "name", status) VALUES(228, 13, 'San juan nepomuceno', true);
INSERT INTO public.municipalities (municipalitie_id, departament_id, "name", status) VALUES(229, 13, 'San martin de loba', true);
INSERT INTO public.municipalities (municipalitie_id, departament_id, "name", status) VALUES(230, 13, 'San pablo', true);
INSERT INTO public.municipalities (municipalitie_id, departament_id, "name", status) VALUES(231, 13, 'Santa catalina', true);
INSERT INTO public.municipalities (municipalitie_id, departament_id, "name", status) VALUES(232, 13, 'Santa rosa', true);
INSERT INTO public.municipalities (municipalitie_id, departament_id, "name", status) VALUES(233, 13, 'Santa rosa del sur', true);
INSERT INTO public.municipalities (municipalitie_id, departament_id, "name", status) VALUES(234, 13, 'Simiti', true);
INSERT INTO public.municipalities (municipalitie_id, departament_id, "name", status) VALUES(235, 13, 'Soplaviento', true);
INSERT INTO public.municipalities (municipalitie_id, departament_id, "name", status) VALUES(236, 13, 'Talaigua nuevo', true);
INSERT INTO public.municipalities (municipalitie_id, departament_id, "name", status) VALUES(237, 13, 'Tiquisio', true);
INSERT INTO public.municipalities (municipalitie_id, departament_id, "name", status) VALUES(238, 13, 'Turbaco', true);
INSERT INTO public.municipalities (municipalitie_id, departament_id, "name", status) VALUES(239, 13, 'Turbana', true);
INSERT INTO public.municipalities (municipalitie_id, departament_id, "name", status) VALUES(240, 13, 'Villanueva', true);
INSERT INTO public.municipalities (municipalitie_id, departament_id, "name", status) VALUES(241, 13, 'Zambrano', true);
INSERT INTO public.municipalities (municipalitie_id, departament_id, "name", status) VALUES(242, 15, 'Almeida', true);
INSERT INTO public.municipalities (municipalitie_id, departament_id, "name", status) VALUES(243, 15, 'Aquitania', true);
INSERT INTO public.municipalities (municipalitie_id, departament_id, "name", status) VALUES(244, 15, 'Arcabuco', true);
INSERT INTO public.municipalities (municipalitie_id, departament_id, "name", status) VALUES(245, 15, 'Belen', true);
INSERT INTO public.municipalities (municipalitie_id, departament_id, "name", status) VALUES(246, 15, 'Berbeo', true);
INSERT INTO public.municipalities (municipalitie_id, departament_id, "name", status) VALUES(247, 15, 'Beteitiva', true);
INSERT INTO public.municipalities (municipalitie_id, departament_id, "name", status) VALUES(248, 15, 'Boavita', true);
INSERT INTO public.municipalities (municipalitie_id, departament_id, "name", status) VALUES(249, 15, 'Boyaca', true);
INSERT INTO public.municipalities (municipalitie_id, departament_id, "name", status) VALUES(250, 15, 'Briceño', true);
INSERT INTO public.municipalities (municipalitie_id, departament_id, "name", status) VALUES(251, 15, 'Buenavista', true);
INSERT INTO public.municipalities (municipalitie_id, departament_id, "name", status) VALUES(252, 15, 'Busbanza', true);
INSERT INTO public.municipalities (municipalitie_id, departament_id, "name", status) VALUES(253, 15, 'Caldas', true);
INSERT INTO public.municipalities (municipalitie_id, departament_id, "name", status) VALUES(254, 15, 'Campohermoso', true);
INSERT INTO public.municipalities (municipalitie_id, departament_id, "name", status) VALUES(255, 15, 'Cerinza', true);
INSERT INTO public.municipalities (municipalitie_id, departament_id, "name", status) VALUES(256, 15, 'Chinavita', true);
INSERT INTO public.municipalities (municipalitie_id, departament_id, "name", status) VALUES(257, 15, 'Chiquinquira', true);
INSERT INTO public.municipalities (municipalitie_id, departament_id, "name", status) VALUES(258, 15, 'Chiquiza', true);
INSERT INTO public.municipalities (municipalitie_id, departament_id, "name", status) VALUES(259, 15, 'Chiscas', true);
INSERT INTO public.municipalities (municipalitie_id, departament_id, "name", status) VALUES(260, 15, 'Chita', true);
INSERT INTO public.municipalities (municipalitie_id, departament_id, "name", status) VALUES(261, 15, 'Chitaraque', true);
INSERT INTO public.municipalities (municipalitie_id, departament_id, "name", status) VALUES(262, 15, 'Chivata', true);
INSERT INTO public.municipalities (municipalitie_id, departament_id, "name", status) VALUES(263, 15, 'Chivor', true);
INSERT INTO public.municipalities (municipalitie_id, departament_id, "name", status) VALUES(264, 15, 'Cienega', true);
INSERT INTO public.municipalities (municipalitie_id, departament_id, "name", status) VALUES(265, 15, 'Combita', true);
INSERT INTO public.municipalities (municipalitie_id, departament_id, "name", status) VALUES(266, 15, 'Coper', true);
INSERT INTO public.municipalities (municipalitie_id, departament_id, "name", status) VALUES(267, 15, 'Corrales', true);
INSERT INTO public.municipalities (municipalitie_id, departament_id, "name", status) VALUES(268, 15, 'Covarachia', true);
INSERT INTO public.municipalities (municipalitie_id, departament_id, "name", status) VALUES(269, 15, 'Cubara', true);
INSERT INTO public.municipalities (municipalitie_id, departament_id, "name", status) VALUES(270, 15, 'Cucaita', true);
INSERT INTO public.municipalities (municipalitie_id, departament_id, "name", status) VALUES(271, 15, 'Cuitiva', true);
INSERT INTO public.municipalities (municipalitie_id, departament_id, "name", status) VALUES(272, 15, 'Duitama', true);
INSERT INTO public.municipalities (municipalitie_id, departament_id, "name", status) VALUES(273, 15, 'El cocuy', true);
INSERT INTO public.municipalities (municipalitie_id, departament_id, "name", status) VALUES(274, 15, 'El espino', true);
INSERT INTO public.municipalities (municipalitie_id, departament_id, "name", status) VALUES(275, 15, 'Firavitoba', true);
INSERT INTO public.municipalities (municipalitie_id, departament_id, "name", status) VALUES(276, 15, 'Floresta', true);
INSERT INTO public.municipalities (municipalitie_id, departament_id, "name", status) VALUES(277, 15, 'Gachantiva', true);
INSERT INTO public.municipalities (municipalitie_id, departament_id, "name", status) VALUES(278, 15, 'Gameza', true);
INSERT INTO public.municipalities (municipalitie_id, departament_id, "name", status) VALUES(279, 15, 'Garagoa', true);
INSERT INTO public.municipalities (municipalitie_id, departament_id, "name", status) VALUES(280, 15, 'Guacamayas', true);
INSERT INTO public.municipalities (municipalitie_id, departament_id, "name", status) VALUES(281, 15, 'Guateque', true);
INSERT INTO public.municipalities (municipalitie_id, departament_id, "name", status) VALUES(282, 15, 'Guayata', true);
INSERT INTO public.municipalities (municipalitie_id, departament_id, "name", status) VALUES(283, 15, 'Gãœican', true);
INSERT INTO public.municipalities (municipalitie_id, departament_id, "name", status) VALUES(284, 15, 'Jenesano', true);
INSERT INTO public.municipalities (municipalitie_id, departament_id, "name", status) VALUES(285, 15, 'Jerico', true);
INSERT INTO public.municipalities (municipalitie_id, departament_id, "name", status) VALUES(286, 15, 'La capilla', true);
INSERT INTO public.municipalities (municipalitie_id, departament_id, "name", status) VALUES(287, 15, 'La uvita', true);
INSERT INTO public.municipalities (municipalitie_id, departament_id, "name", status) VALUES(288, 15, 'La victoria', true);
INSERT INTO public.municipalities (municipalitie_id, departament_id, "name", status) VALUES(289, 15, 'Labranzagrande', true);
INSERT INTO public.municipalities (municipalitie_id, departament_id, "name", status) VALUES(290, 15, 'Macanal', true);
INSERT INTO public.municipalities (municipalitie_id, departament_id, "name", status) VALUES(291, 15, 'Maripi', true);
INSERT INTO public.municipalities (municipalitie_id, departament_id, "name", status) VALUES(292, 15, 'Miraflores', true);
INSERT INTO public.municipalities (municipalitie_id, departament_id, "name", status) VALUES(293, 15, 'Mongua', true);
INSERT INTO public.municipalities (municipalitie_id, departament_id, "name", status) VALUES(294, 15, 'Mongui', true);
INSERT INTO public.municipalities (municipalitie_id, departament_id, "name", status) VALUES(295, 15, 'Moniquira', true);
INSERT INTO public.municipalities (municipalitie_id, departament_id, "name", status) VALUES(296, 15, 'Motavita', true);
INSERT INTO public.municipalities (municipalitie_id, departament_id, "name", status) VALUES(297, 15, 'Muzo', true);
INSERT INTO public.municipalities (municipalitie_id, departament_id, "name", status) VALUES(298, 15, 'Nobsa', true);
INSERT INTO public.municipalities (municipalitie_id, departament_id, "name", status) VALUES(299, 15, 'Nuevo colon', true);
INSERT INTO public.municipalities (municipalitie_id, departament_id, "name", status) VALUES(300, 15, 'Oicata', true);
INSERT INTO public.municipalities (municipalitie_id, departament_id, "name", status) VALUES(301, 15, 'Otanche', true);
INSERT INTO public.municipalities (municipalitie_id, departament_id, "name", status) VALUES(302, 15, 'Pachavita', true);
INSERT INTO public.municipalities (municipalitie_id, departament_id, "name", status) VALUES(303, 15, 'Paez', true);
INSERT INTO public.municipalities (municipalitie_id, departament_id, "name", status) VALUES(304, 15, 'Paipa', true);
INSERT INTO public.municipalities (municipalitie_id, departament_id, "name", status) VALUES(305, 15, 'Pajarito', true);
INSERT INTO public.municipalities (municipalitie_id, departament_id, "name", status) VALUES(306, 15, 'Panqueba', true);
INSERT INTO public.municipalities (municipalitie_id, departament_id, "name", status) VALUES(307, 15, 'Pauna', true);
INSERT INTO public.municipalities (municipalitie_id, departament_id, "name", status) VALUES(308, 15, 'Paya', true);
INSERT INTO public.municipalities (municipalitie_id, departament_id, "name", status) VALUES(309, 15, 'Paz de rio', true);
INSERT INTO public.municipalities (municipalitie_id, departament_id, "name", status) VALUES(310, 15, 'Pesca', true);
INSERT INTO public.municipalities (municipalitie_id, departament_id, "name", status) VALUES(311, 15, 'Pisba', true);
INSERT INTO public.municipalities (municipalitie_id, departament_id, "name", status) VALUES(312, 15, 'Puerto boyaca', true);
INSERT INTO public.municipalities (municipalitie_id, departament_id, "name", status) VALUES(313, 15, 'Quipama', true);
INSERT INTO public.municipalities (municipalitie_id, departament_id, "name", status) VALUES(314, 15, 'Ramiriqui', true);
INSERT INTO public.municipalities (municipalitie_id, departament_id, "name", status) VALUES(315, 15, 'Raquira', true);
INSERT INTO public.municipalities (municipalitie_id, departament_id, "name", status) VALUES(316, 15, 'Rondon', true);
INSERT INTO public.municipalities (municipalitie_id, departament_id, "name", status) VALUES(317, 15, 'Saboya', true);
INSERT INTO public.municipalities (municipalitie_id, departament_id, "name", status) VALUES(318, 15, 'Sachica', true);
INSERT INTO public.municipalities (municipalitie_id, departament_id, "name", status) VALUES(319, 15, 'Samaca', true);
INSERT INTO public.municipalities (municipalitie_id, departament_id, "name", status) VALUES(320, 15, 'San eduardo', true);
INSERT INTO public.municipalities (municipalitie_id, departament_id, "name", status) VALUES(321, 15, 'San jose de pare', true);
INSERT INTO public.municipalities (municipalitie_id, departament_id, "name", status) VALUES(322, 15, 'San luis de gaceno', true);
INSERT INTO public.municipalities (municipalitie_id, departament_id, "name", status) VALUES(323, 15, 'San mateo', true);
INSERT INTO public.municipalities (municipalitie_id, departament_id, "name", status) VALUES(324, 15, 'San miguel de sema', true);
INSERT INTO public.municipalities (municipalitie_id, departament_id, "name", status) VALUES(325, 15, 'San pablo de borbur', true);
INSERT INTO public.municipalities (municipalitie_id, departament_id, "name", status) VALUES(326, 15, 'Santa maria', true);
INSERT INTO public.municipalities (municipalitie_id, departament_id, "name", status) VALUES(327, 15, 'Santa rosa de viterbo', true);
INSERT INTO public.municipalities (municipalitie_id, departament_id, "name", status) VALUES(328, 15, 'Santa sofia', true);
INSERT INTO public.municipalities (municipalitie_id, departament_id, "name", status) VALUES(329, 15, 'Santana', true);
INSERT INTO public.municipalities (municipalitie_id, departament_id, "name", status) VALUES(330, 15, 'Sativanorte', true);
INSERT INTO public.municipalities (municipalitie_id, departament_id, "name", status) VALUES(331, 15, 'Sativasur', true);
INSERT INTO public.municipalities (municipalitie_id, departament_id, "name", status) VALUES(332, 15, 'Siachoque', true);
INSERT INTO public.municipalities (municipalitie_id, departament_id, "name", status) VALUES(333, 15, 'Soata', true);
INSERT INTO public.municipalities (municipalitie_id, departament_id, "name", status) VALUES(334, 15, 'Socha', true);
INSERT INTO public.municipalities (municipalitie_id, departament_id, "name", status) VALUES(335, 15, 'Socota', true);
INSERT INTO public.municipalities (municipalitie_id, departament_id, "name", status) VALUES(336, 15, 'Sogamoso', true);
INSERT INTO public.municipalities (municipalitie_id, departament_id, "name", status) VALUES(337, 15, 'Somondoco', true);
INSERT INTO public.municipalities (municipalitie_id, departament_id, "name", status) VALUES(338, 15, 'Sora', true);
INSERT INTO public.municipalities (municipalitie_id, departament_id, "name", status) VALUES(339, 15, 'Soraca', true);
INSERT INTO public.municipalities (municipalitie_id, departament_id, "name", status) VALUES(340, 15, 'Sotaquira', true);
INSERT INTO public.municipalities (municipalitie_id, departament_id, "name", status) VALUES(341, 15, 'Susacon', true);
INSERT INTO public.municipalities (municipalitie_id, departament_id, "name", status) VALUES(342, 15, 'Sutamarchan', true);
INSERT INTO public.municipalities (municipalitie_id, departament_id, "name", status) VALUES(343, 15, 'Sutatenza', true);
INSERT INTO public.municipalities (municipalitie_id, departament_id, "name", status) VALUES(344, 15, 'Tasco', true);
INSERT INTO public.municipalities (municipalitie_id, departament_id, "name", status) VALUES(345, 15, 'Tenza', true);
INSERT INTO public.municipalities (municipalitie_id, departament_id, "name", status) VALUES(346, 15, 'Tibana', true);
INSERT INTO public.municipalities (municipalitie_id, departament_id, "name", status) VALUES(347, 15, 'Tibasosa', true);
INSERT INTO public.municipalities (municipalitie_id, departament_id, "name", status) VALUES(348, 15, 'Tinjaca', true);
INSERT INTO public.municipalities (municipalitie_id, departament_id, "name", status) VALUES(349, 15, 'Tipacoque', true);
INSERT INTO public.municipalities (municipalitie_id, departament_id, "name", status) VALUES(350, 15, 'Toca', true);
INSERT INTO public.municipalities (municipalitie_id, departament_id, "name", status) VALUES(351, 15, 'Togãœi', true);
INSERT INTO public.municipalities (municipalitie_id, departament_id, "name", status) VALUES(352, 15, 'Topaga', true);
INSERT INTO public.municipalities (municipalitie_id, departament_id, "name", status) VALUES(353, 15, 'Tota', true);
INSERT INTO public.municipalities (municipalitie_id, departament_id, "name", status) VALUES(354, 15, 'Tunja', true);
INSERT INTO public.municipalities (municipalitie_id, departament_id, "name", status) VALUES(355, 15, 'Tunungua', true);
INSERT INTO public.municipalities (municipalitie_id, departament_id, "name", status) VALUES(356, 15, 'Turmeque', true);
INSERT INTO public.municipalities (municipalitie_id, departament_id, "name", status) VALUES(357, 15, 'Tuta', true);
INSERT INTO public.municipalities (municipalitie_id, departament_id, "name", status) VALUES(358, 15, 'Tutaza', true);
INSERT INTO public.municipalities (municipalitie_id, departament_id, "name", status) VALUES(359, 15, 'Umbita', true);
INSERT INTO public.municipalities (municipalitie_id, departament_id, "name", status) VALUES(360, 15, 'Ventaquemada', true);
INSERT INTO public.municipalities (municipalitie_id, departament_id, "name", status) VALUES(361, 15, 'Villa de leyva', true);
INSERT INTO public.municipalities (municipalitie_id, departament_id, "name", status) VALUES(362, 15, 'Viracacha', true);
INSERT INTO public.municipalities (municipalitie_id, departament_id, "name", status) VALUES(363, 15, 'Zetaquira', true);
INSERT INTO public.municipalities (municipalitie_id, departament_id, "name", status) VALUES(364, 17, 'Aguadas', true);
INSERT INTO public.municipalities (municipalitie_id, departament_id, "name", status) VALUES(365, 17, 'Anserma', true);
INSERT INTO public.municipalities (municipalitie_id, departament_id, "name", status) VALUES(366, 17, 'Aranzazu', true);
INSERT INTO public.municipalities (municipalitie_id, departament_id, "name", status) VALUES(367, 17, 'Belalcazar', true);
INSERT INTO public.municipalities (municipalitie_id, departament_id, "name", status) VALUES(368, 17, 'Chinchina', true);
INSERT INTO public.municipalities (municipalitie_id, departament_id, "name", status) VALUES(369, 17, 'Filadelfia', true);
INSERT INTO public.municipalities (municipalitie_id, departament_id, "name", status) VALUES(370, 17, 'La dorada', true);
INSERT INTO public.municipalities (municipalitie_id, departament_id, "name", status) VALUES(371, 17, 'La merced', true);
INSERT INTO public.municipalities (municipalitie_id, departament_id, "name", status) VALUES(372, 17, 'Manizales', true);
INSERT INTO public.municipalities (municipalitie_id, departament_id, "name", status) VALUES(373, 17, 'Manzanares', true);
INSERT INTO public.municipalities (municipalitie_id, departament_id, "name", status) VALUES(374, 17, 'Marmato', true);
INSERT INTO public.municipalities (municipalitie_id, departament_id, "name", status) VALUES(375, 17, 'Marquetalia', true);
INSERT INTO public.municipalities (municipalitie_id, departament_id, "name", status) VALUES(376, 17, 'Marulanda', true);
INSERT INTO public.municipalities (municipalitie_id, departament_id, "name", status) VALUES(377, 17, 'Neira', true);
INSERT INTO public.municipalities (municipalitie_id, departament_id, "name", status) VALUES(378, 17, 'Norcasia', true);
INSERT INTO public.municipalities (municipalitie_id, departament_id, "name", status) VALUES(379, 17, 'Pacora', true);
INSERT INTO public.municipalities (municipalitie_id, departament_id, "name", status) VALUES(380, 17, 'Palestina', true);
INSERT INTO public.municipalities (municipalitie_id, departament_id, "name", status) VALUES(381, 17, 'Pensilvania', true);
INSERT INTO public.municipalities (municipalitie_id, departament_id, "name", status) VALUES(382, 17, 'Riosucio', true);
INSERT INTO public.municipalities (municipalitie_id, departament_id, "name", status) VALUES(383, 17, 'Risaralda', true);
INSERT INTO public.municipalities (municipalitie_id, departament_id, "name", status) VALUES(384, 17, 'Salamina', true);
INSERT INTO public.municipalities (municipalitie_id, departament_id, "name", status) VALUES(385, 17, 'Samana', true);
INSERT INTO public.municipalities (municipalitie_id, departament_id, "name", status) VALUES(386, 17, 'San jose', true);
INSERT INTO public.municipalities (municipalitie_id, departament_id, "name", status) VALUES(387, 17, 'Supia', true);
INSERT INTO public.municipalities (municipalitie_id, departament_id, "name", status) VALUES(388, 17, 'Victoria', true);
INSERT INTO public.municipalities (municipalitie_id, departament_id, "name", status) VALUES(389, 17, 'Villamaria', true);
INSERT INTO public.municipalities (municipalitie_id, departament_id, "name", status) VALUES(390, 17, 'Viterbo', true);
INSERT INTO public.municipalities (municipalitie_id, departament_id, "name", status) VALUES(391, 18, 'Albania', true);
INSERT INTO public.municipalities (municipalitie_id, departament_id, "name", status) VALUES(392, 18, 'Belen de los andaquies', true);
INSERT INTO public.municipalities (municipalitie_id, departament_id, "name", status) VALUES(393, 18, 'Cartagena del chaira', true);
INSERT INTO public.municipalities (municipalitie_id, departament_id, "name", status) VALUES(394, 18, 'Curillo', true);
INSERT INTO public.municipalities (municipalitie_id, departament_id, "name", status) VALUES(395, 18, 'El doncello', true);
INSERT INTO public.municipalities (municipalitie_id, departament_id, "name", status) VALUES(396, 18, 'El paujil', true);
INSERT INTO public.municipalities (municipalitie_id, departament_id, "name", status) VALUES(397, 18, 'Florencia', true);
INSERT INTO public.municipalities (municipalitie_id, departament_id, "name", status) VALUES(398, 18, 'La montañita', true);
INSERT INTO public.municipalities (municipalitie_id, departament_id, "name", status) VALUES(399, 18, 'Milan', true);
INSERT INTO public.municipalities (municipalitie_id, departament_id, "name", status) VALUES(400, 18, 'Morelia', true);
INSERT INTO public.municipalities (municipalitie_id, departament_id, "name", status) VALUES(401, 18, 'Puerto rico', true);
INSERT INTO public.municipalities (municipalitie_id, departament_id, "name", status) VALUES(402, 18, 'San jose del fragua', true);
INSERT INTO public.municipalities (municipalitie_id, departament_id, "name", status) VALUES(403, 18, 'San vicente del caguan', true);
INSERT INTO public.municipalities (municipalitie_id, departament_id, "name", status) VALUES(404, 18, 'Solano', true);
INSERT INTO public.municipalities (municipalitie_id, departament_id, "name", status) VALUES(405, 18, 'Solita', true);
INSERT INTO public.municipalities (municipalitie_id, departament_id, "name", status) VALUES(406, 18, 'Valparaiso', true);
INSERT INTO public.municipalities (municipalitie_id, departament_id, "name", status) VALUES(407, 85, 'Aguazul', true);
INSERT INTO public.municipalities (municipalitie_id, departament_id, "name", status) VALUES(408, 85, 'Chameza', true);
INSERT INTO public.municipalities (municipalitie_id, departament_id, "name", status) VALUES(409, 85, 'Hato corozal', true);
INSERT INTO public.municipalities (municipalitie_id, departament_id, "name", status) VALUES(410, 85, 'La salina', true);
INSERT INTO public.municipalities (municipalitie_id, departament_id, "name", status) VALUES(411, 85, 'Mani', true);
INSERT INTO public.municipalities (municipalitie_id, departament_id, "name", status) VALUES(412, 85, 'Monterrey', true);
INSERT INTO public.municipalities (municipalitie_id, departament_id, "name", status) VALUES(413, 85, 'Nunchia', true);
INSERT INTO public.municipalities (municipalitie_id, departament_id, "name", status) VALUES(414, 85, 'Orocue', true);
INSERT INTO public.municipalities (municipalitie_id, departament_id, "name", status) VALUES(415, 85, 'Paz de ariporo', true);
INSERT INTO public.municipalities (municipalitie_id, departament_id, "name", status) VALUES(416, 85, 'Pore', true);
INSERT INTO public.municipalities (municipalitie_id, departament_id, "name", status) VALUES(417, 85, 'Recetor', true);
INSERT INTO public.municipalities (municipalitie_id, departament_id, "name", status) VALUES(418, 85, 'Sabanalarga', true);
INSERT INTO public.municipalities (municipalitie_id, departament_id, "name", status) VALUES(419, 85, 'Sacama', true);
INSERT INTO public.municipalities (municipalitie_id, departament_id, "name", status) VALUES(420, 85, 'San luis de palenque', true);
INSERT INTO public.municipalities (municipalitie_id, departament_id, "name", status) VALUES(421, 85, 'Tamara', true);
INSERT INTO public.municipalities (municipalitie_id, departament_id, "name", status) VALUES(422, 85, 'Tauramena', true);
INSERT INTO public.municipalities (municipalitie_id, departament_id, "name", status) VALUES(423, 85, 'Trinidad', true);
INSERT INTO public.municipalities (municipalitie_id, departament_id, "name", status) VALUES(424, 85, 'Villanueva', true);
INSERT INTO public.municipalities (municipalitie_id, departament_id, "name", status) VALUES(425, 85, 'Yopal', true);
INSERT INTO public.municipalities (municipalitie_id, departament_id, "name", status) VALUES(426, 19, 'Almaguer', true);
INSERT INTO public.municipalities (municipalitie_id, departament_id, "name", status) VALUES(427, 19, 'Argelia', true);
INSERT INTO public.municipalities (municipalitie_id, departament_id, "name", status) VALUES(428, 19, 'Balboa', true);
INSERT INTO public.municipalities (municipalitie_id, departament_id, "name", status) VALUES(429, 19, 'Bolivar', true);
INSERT INTO public.municipalities (municipalitie_id, departament_id, "name", status) VALUES(430, 19, 'Buenos aires', true);
INSERT INTO public.municipalities (municipalitie_id, departament_id, "name", status) VALUES(431, 19, 'Cajibio', true);
INSERT INTO public.municipalities (municipalitie_id, departament_id, "name", status) VALUES(432, 19, 'Caldono', true);
INSERT INTO public.municipalities (municipalitie_id, departament_id, "name", status) VALUES(433, 19, 'Caloto', true);
INSERT INTO public.municipalities (municipalitie_id, departament_id, "name", status) VALUES(434, 19, 'Corinto', true);
INSERT INTO public.municipalities (municipalitie_id, departament_id, "name", status) VALUES(435, 19, 'El tambo', true);
INSERT INTO public.municipalities (municipalitie_id, departament_id, "name", status) VALUES(436, 19, 'Florencia', true);
INSERT INTO public.municipalities (municipalitie_id, departament_id, "name", status) VALUES(437, 19, 'Guapi', true);
INSERT INTO public.municipalities (municipalitie_id, departament_id, "name", status) VALUES(438, 19, 'Inza', true);
INSERT INTO public.municipalities (municipalitie_id, departament_id, "name", status) VALUES(439, 19, 'Jambalo', true);
INSERT INTO public.municipalities (municipalitie_id, departament_id, "name", status) VALUES(440, 19, 'La sierra', true);
INSERT INTO public.municipalities (municipalitie_id, departament_id, "name", status) VALUES(441, 19, 'La vega', true);
INSERT INTO public.municipalities (municipalitie_id, departament_id, "name", status) VALUES(442, 19, 'Lopez', true);
INSERT INTO public.municipalities (municipalitie_id, departament_id, "name", status) VALUES(443, 19, 'Mercaderes', true);
INSERT INTO public.municipalities (municipalitie_id, departament_id, "name", status) VALUES(444, 19, 'Miranda', true);
INSERT INTO public.municipalities (municipalitie_id, departament_id, "name", status) VALUES(445, 19, 'Morales', true);
INSERT INTO public.municipalities (municipalitie_id, departament_id, "name", status) VALUES(446, 19, 'Padilla', true);
INSERT INTO public.municipalities (municipalitie_id, departament_id, "name", status) VALUES(447, 19, 'Paez', true);
INSERT INTO public.municipalities (municipalitie_id, departament_id, "name", status) VALUES(448, 19, 'Patia', true);
INSERT INTO public.municipalities (municipalitie_id, departament_id, "name", status) VALUES(449, 19, 'Piamonte', true);
INSERT INTO public.municipalities (municipalitie_id, departament_id, "name", status) VALUES(450, 19, 'Piendamo', true);
INSERT INTO public.municipalities (municipalitie_id, departament_id, "name", status) VALUES(451, 19, 'Popayan', true);
INSERT INTO public.municipalities (municipalitie_id, departament_id, "name", status) VALUES(452, 19, 'Puerto tejada', true);
INSERT INTO public.municipalities (municipalitie_id, departament_id, "name", status) VALUES(453, 19, 'Purace', true);
INSERT INTO public.municipalities (municipalitie_id, departament_id, "name", status) VALUES(454, 19, 'Rosas', true);
INSERT INTO public.municipalities (municipalitie_id, departament_id, "name", status) VALUES(455, 19, 'San sebastian', true);
INSERT INTO public.municipalities (municipalitie_id, departament_id, "name", status) VALUES(456, 19, 'Santa rosa', true);
INSERT INTO public.municipalities (municipalitie_id, departament_id, "name", status) VALUES(457, 19, 'Santander de quilichao', true);
INSERT INTO public.municipalities (municipalitie_id, departament_id, "name", status) VALUES(458, 19, 'Silvia', true);
INSERT INTO public.municipalities (municipalitie_id, departament_id, "name", status) VALUES(459, 19, 'Sotara', true);
INSERT INTO public.municipalities (municipalitie_id, departament_id, "name", status) VALUES(460, 19, 'Suarez', true);
INSERT INTO public.municipalities (municipalitie_id, departament_id, "name", status) VALUES(461, 19, 'Sucre', true);
INSERT INTO public.municipalities (municipalitie_id, departament_id, "name", status) VALUES(462, 19, 'Timbio', true);
INSERT INTO public.municipalities (municipalitie_id, departament_id, "name", status) VALUES(463, 19, 'Timbiqui', true);
INSERT INTO public.municipalities (municipalitie_id, departament_id, "name", status) VALUES(464, 19, 'Toribio', true);
INSERT INTO public.municipalities (municipalitie_id, departament_id, "name", status) VALUES(465, 19, 'Totoro', true);
INSERT INTO public.municipalities (municipalitie_id, departament_id, "name", status) VALUES(466, 19, 'Villa rica', true);
INSERT INTO public.municipalities (municipalitie_id, departament_id, "name", status) VALUES(467, 20, 'Aguachica', true);
INSERT INTO public.municipalities (municipalitie_id, departament_id, "name", status) VALUES(468, 20, 'Agustin codazzi', true);
INSERT INTO public.municipalities (municipalitie_id, departament_id, "name", status) VALUES(469, 20, 'Astrea', true);
INSERT INTO public.municipalities (municipalitie_id, departament_id, "name", status) VALUES(470, 20, 'Becerril', true);
INSERT INTO public.municipalities (municipalitie_id, departament_id, "name", status) VALUES(471, 20, 'Bosconia', true);
INSERT INTO public.municipalities (municipalitie_id, departament_id, "name", status) VALUES(472, 20, 'Chimichagua', true);
INSERT INTO public.municipalities (municipalitie_id, departament_id, "name", status) VALUES(473, 20, 'Chiriguana', true);
INSERT INTO public.municipalities (municipalitie_id, departament_id, "name", status) VALUES(474, 20, 'Curumani', true);
INSERT INTO public.municipalities (municipalitie_id, departament_id, "name", status) VALUES(475, 20, 'El copey', true);
INSERT INTO public.municipalities (municipalitie_id, departament_id, "name", status) VALUES(476, 20, 'El paso', true);
INSERT INTO public.municipalities (municipalitie_id, departament_id, "name", status) VALUES(477, 20, 'Gamarra', true);
INSERT INTO public.municipalities (municipalitie_id, departament_id, "name", status) VALUES(478, 20, 'Gonzalez', true);
INSERT INTO public.municipalities (municipalitie_id, departament_id, "name", status) VALUES(479, 20, 'La gloria', true);
INSERT INTO public.municipalities (municipalitie_id, departament_id, "name", status) VALUES(480, 20, 'La jagua de ibirico', true);
INSERT INTO public.municipalities (municipalitie_id, departament_id, "name", status) VALUES(481, 20, 'La paz', true);
INSERT INTO public.municipalities (municipalitie_id, departament_id, "name", status) VALUES(482, 20, 'Manaure', true);
INSERT INTO public.municipalities (municipalitie_id, departament_id, "name", status) VALUES(483, 20, 'Pailitas', true);
INSERT INTO public.municipalities (municipalitie_id, departament_id, "name", status) VALUES(484, 20, 'Pelaya', true);
INSERT INTO public.municipalities (municipalitie_id, departament_id, "name", status) VALUES(485, 20, 'Pueblo bello', true);
INSERT INTO public.municipalities (municipalitie_id, departament_id, "name", status) VALUES(486, 20, 'Rio de oro', true);
INSERT INTO public.municipalities (municipalitie_id, departament_id, "name", status) VALUES(487, 20, 'San alberto', true);
INSERT INTO public.municipalities (municipalitie_id, departament_id, "name", status) VALUES(488, 20, 'San diego', true);
INSERT INTO public.municipalities (municipalitie_id, departament_id, "name", status) VALUES(489, 20, 'San martin', true);
INSERT INTO public.municipalities (municipalitie_id, departament_id, "name", status) VALUES(490, 20, 'Tamalameque', true);
INSERT INTO public.municipalities (municipalitie_id, departament_id, "name", status) VALUES(491, 20, 'Valledupar', true);
INSERT INTO public.municipalities (municipalitie_id, departament_id, "name", status) VALUES(492, 27, 'Acandi', true);
INSERT INTO public.municipalities (municipalitie_id, departament_id, "name", status) VALUES(493, 27, 'Alto baudo', true);
INSERT INTO public.municipalities (municipalitie_id, departament_id, "name", status) VALUES(494, 27, 'Atrato', true);
INSERT INTO public.municipalities (municipalitie_id, departament_id, "name", status) VALUES(495, 27, 'Bagado', true);
INSERT INTO public.municipalities (municipalitie_id, departament_id, "name", status) VALUES(496, 27, 'Bahia solano', true);
INSERT INTO public.municipalities (municipalitie_id, departament_id, "name", status) VALUES(497, 27, 'Bajo baudo', true);
INSERT INTO public.municipalities (municipalitie_id, departament_id, "name", status) VALUES(498, 27, 'Belen de bajira', true);
INSERT INTO public.municipalities (municipalitie_id, departament_id, "name", status) VALUES(499, 27, 'Bojaya', true);
INSERT INTO public.municipalities (municipalitie_id, departament_id, "name", status) VALUES(500, 27, 'Carmen del darien', true);
INSERT INTO public.municipalities (municipalitie_id, departament_id, "name", status) VALUES(501, 27, 'Certegui', true);
INSERT INTO public.municipalities (municipalitie_id, departament_id, "name", status) VALUES(502, 27, 'Condoto', true);
INSERT INTO public.municipalities (municipalitie_id, departament_id, "name", status) VALUES(503, 27, 'El canton del san pablo', true);
INSERT INTO public.municipalities (municipalitie_id, departament_id, "name", status) VALUES(504, 27, 'El carmen de atrato', true);
INSERT INTO public.municipalities (municipalitie_id, departament_id, "name", status) VALUES(505, 27, 'El litoral del san juan', true);
INSERT INTO public.municipalities (municipalitie_id, departament_id, "name", status) VALUES(506, 27, 'Istmina', true);
INSERT INTO public.municipalities (municipalitie_id, departament_id, "name", status) VALUES(507, 27, 'Jurado', true);
INSERT INTO public.municipalities (municipalitie_id, departament_id, "name", status) VALUES(508, 27, 'Lloro', true);
INSERT INTO public.municipalities (municipalitie_id, departament_id, "name", status) VALUES(509, 27, 'Medio atrato', true);
INSERT INTO public.municipalities (municipalitie_id, departament_id, "name", status) VALUES(510, 27, 'Medio baudo', true);
INSERT INTO public.municipalities (municipalitie_id, departament_id, "name", status) VALUES(511, 27, 'Medio san juan', true);
INSERT INTO public.municipalities (municipalitie_id, departament_id, "name", status) VALUES(512, 27, 'Novita', true);
INSERT INTO public.municipalities (municipalitie_id, departament_id, "name", status) VALUES(513, 27, 'Nuqui', true);
INSERT INTO public.municipalities (municipalitie_id, departament_id, "name", status) VALUES(514, 27, 'Quibdo', true);
INSERT INTO public.municipalities (municipalitie_id, departament_id, "name", status) VALUES(515, 27, 'Rio iro', true);
INSERT INTO public.municipalities (municipalitie_id, departament_id, "name", status) VALUES(516, 27, 'Rio quito', true);
INSERT INTO public.municipalities (municipalitie_id, departament_id, "name", status) VALUES(517, 27, 'Riosucio', true);
INSERT INTO public.municipalities (municipalitie_id, departament_id, "name", status) VALUES(518, 27, 'San jose del palmar', true);
INSERT INTO public.municipalities (municipalitie_id, departament_id, "name", status) VALUES(519, 27, 'Sipi', true);
INSERT INTO public.municipalities (municipalitie_id, departament_id, "name", status) VALUES(520, 27, 'Tado', true);
INSERT INTO public.municipalities (municipalitie_id, departament_id, "name", status) VALUES(521, 27, 'Unguia', true);
INSERT INTO public.municipalities (municipalitie_id, departament_id, "name", status) VALUES(522, 27, 'Union panamericana', true);
INSERT INTO public.municipalities (municipalitie_id, departament_id, "name", status) VALUES(523, 23, 'Ayapel', true);
INSERT INTO public.municipalities (municipalitie_id, departament_id, "name", status) VALUES(524, 23, 'Buenavista', true);
INSERT INTO public.municipalities (municipalitie_id, departament_id, "name", status) VALUES(525, 23, 'Canalete', true);
INSERT INTO public.municipalities (municipalitie_id, departament_id, "name", status) VALUES(526, 23, 'Cerete', true);
INSERT INTO public.municipalities (municipalitie_id, departament_id, "name", status) VALUES(527, 23, 'Chima', true);
INSERT INTO public.municipalities (municipalitie_id, departament_id, "name", status) VALUES(528, 23, 'Chinu', true);
INSERT INTO public.municipalities (municipalitie_id, departament_id, "name", status) VALUES(529, 23, 'Cienaga de oro', true);
INSERT INTO public.municipalities (municipalitie_id, departament_id, "name", status) VALUES(530, 23, 'Cotorra', true);
INSERT INTO public.municipalities (municipalitie_id, departament_id, "name", status) VALUES(531, 23, 'La apartada', true);
INSERT INTO public.municipalities (municipalitie_id, departament_id, "name", status) VALUES(532, 23, 'Lorica', true);
INSERT INTO public.municipalities (municipalitie_id, departament_id, "name", status) VALUES(533, 23, 'Los cordobas', true);
INSERT INTO public.municipalities (municipalitie_id, departament_id, "name", status) VALUES(534, 23, 'Momil', true);
INSERT INTO public.municipalities (municipalitie_id, departament_id, "name", status) VALUES(535, 23, 'Montelibano', true);
INSERT INTO public.municipalities (municipalitie_id, departament_id, "name", status) VALUES(536, 23, 'Monteria', true);
INSERT INTO public.municipalities (municipalitie_id, departament_id, "name", status) VALUES(537, 23, 'Moñitos', true);
INSERT INTO public.municipalities (municipalitie_id, departament_id, "name", status) VALUES(538, 23, 'Planeta rica', true);
INSERT INTO public.municipalities (municipalitie_id, departament_id, "name", status) VALUES(539, 23, 'Pueblo nuevo', true);
INSERT INTO public.municipalities (municipalitie_id, departament_id, "name", status) VALUES(540, 23, 'Puerto escondido', true);
INSERT INTO public.municipalities (municipalitie_id, departament_id, "name", status) VALUES(541, 23, 'Puerto libertador', true);
INSERT INTO public.municipalities (municipalitie_id, departament_id, "name", status) VALUES(542, 23, 'Purisima', true);
INSERT INTO public.municipalities (municipalitie_id, departament_id, "name", status) VALUES(543, 23, 'Sahagun', true);
INSERT INTO public.municipalities (municipalitie_id, departament_id, "name", status) VALUES(544, 23, 'San andres sotavento', true);
INSERT INTO public.municipalities (municipalitie_id, departament_id, "name", status) VALUES(545, 23, 'San antero', true);
INSERT INTO public.municipalities (municipalitie_id, departament_id, "name", status) VALUES(546, 23, 'San bernardo del viento', true);
INSERT INTO public.municipalities (municipalitie_id, departament_id, "name", status) VALUES(547, 23, 'San carlos', true);
INSERT INTO public.municipalities (municipalitie_id, departament_id, "name", status) VALUES(548, 23, 'San pelayo', true);
INSERT INTO public.municipalities (municipalitie_id, departament_id, "name", status) VALUES(549, 23, 'Tierralta', true);
INSERT INTO public.municipalities (municipalitie_id, departament_id, "name", status) VALUES(550, 23, 'Valencia', true);
INSERT INTO public.municipalities (municipalitie_id, departament_id, "name", status) VALUES(551, 25, 'Agua de dios', true);
INSERT INTO public.municipalities (municipalitie_id, departament_id, "name", status) VALUES(552, 25, 'Alban', true);
INSERT INTO public.municipalities (municipalitie_id, departament_id, "name", status) VALUES(553, 25, 'Anapoima', true);
INSERT INTO public.municipalities (municipalitie_id, departament_id, "name", status) VALUES(554, 25, 'Anolaima', true);
INSERT INTO public.municipalities (municipalitie_id, departament_id, "name", status) VALUES(555, 25, 'Apulo', true);
INSERT INTO public.municipalities (municipalitie_id, departament_id, "name", status) VALUES(556, 25, 'Arbelaez', true);
INSERT INTO public.municipalities (municipalitie_id, departament_id, "name", status) VALUES(557, 25, 'Beltran', true);
INSERT INTO public.municipalities (municipalitie_id, departament_id, "name", status) VALUES(558, 25, 'Bituima', true);
INSERT INTO public.municipalities (municipalitie_id, departament_id, "name", status) VALUES(559, 25, 'Bojaca', true);
INSERT INTO public.municipalities (municipalitie_id, departament_id, "name", status) VALUES(560, 25, 'Cabrera', true);
INSERT INTO public.municipalities (municipalitie_id, departament_id, "name", status) VALUES(561, 25, 'Cachipay', true);
INSERT INTO public.municipalities (municipalitie_id, departament_id, "name", status) VALUES(562, 25, 'Cajica', true);
INSERT INTO public.municipalities (municipalitie_id, departament_id, "name", status) VALUES(563, 25, 'Caparrapi', true);
INSERT INTO public.municipalities (municipalitie_id, departament_id, "name", status) VALUES(564, 25, 'Caqueza', true);
INSERT INTO public.municipalities (municipalitie_id, departament_id, "name", status) VALUES(565, 25, 'Carmen de carupa', true);
INSERT INTO public.municipalities (municipalitie_id, departament_id, "name", status) VALUES(566, 25, 'Chaguani', true);
INSERT INTO public.municipalities (municipalitie_id, departament_id, "name", status) VALUES(567, 25, 'Chia', true);
INSERT INTO public.municipalities (municipalitie_id, departament_id, "name", status) VALUES(568, 25, 'Chipaque', true);
INSERT INTO public.municipalities (municipalitie_id, departament_id, "name", status) VALUES(569, 25, 'Choachi', true);
INSERT INTO public.municipalities (municipalitie_id, departament_id, "name", status) VALUES(570, 25, 'Choconta', true);
INSERT INTO public.municipalities (municipalitie_id, departament_id, "name", status) VALUES(571, 25, 'Cogua', true);
INSERT INTO public.municipalities (municipalitie_id, departament_id, "name", status) VALUES(572, 25, 'Cota', true);
INSERT INTO public.municipalities (municipalitie_id, departament_id, "name", status) VALUES(573, 25, 'Cucunuba', true);
INSERT INTO public.municipalities (municipalitie_id, departament_id, "name", status) VALUES(574, 25, 'El colegio', true);
INSERT INTO public.municipalities (municipalitie_id, departament_id, "name", status) VALUES(575, 25, 'El peñon', true);
INSERT INTO public.municipalities (municipalitie_id, departament_id, "name", status) VALUES(576, 25, 'El rosal', true);
INSERT INTO public.municipalities (municipalitie_id, departament_id, "name", status) VALUES(577, 25, 'Facatativa', true);
INSERT INTO public.municipalities (municipalitie_id, departament_id, "name", status) VALUES(578, 25, 'Fomeque', true);
INSERT INTO public.municipalities (municipalitie_id, departament_id, "name", status) VALUES(579, 25, 'Fosca', true);
INSERT INTO public.municipalities (municipalitie_id, departament_id, "name", status) VALUES(580, 25, 'Funza', true);
INSERT INTO public.municipalities (municipalitie_id, departament_id, "name", status) VALUES(581, 25, 'Fuquene', true);
INSERT INTO public.municipalities (municipalitie_id, departament_id, "name", status) VALUES(582, 25, 'Fusagasuga', true);
INSERT INTO public.municipalities (municipalitie_id, departament_id, "name", status) VALUES(583, 25, 'Gachala', true);
INSERT INTO public.municipalities (municipalitie_id, departament_id, "name", status) VALUES(584, 25, 'Gachancipa', true);
INSERT INTO public.municipalities (municipalitie_id, departament_id, "name", status) VALUES(585, 25, 'Gacheta', true);
INSERT INTO public.municipalities (municipalitie_id, departament_id, "name", status) VALUES(586, 25, 'Gama', true);
INSERT INTO public.municipalities (municipalitie_id, departament_id, "name", status) VALUES(587, 25, 'Girardot', true);
INSERT INTO public.municipalities (municipalitie_id, departament_id, "name", status) VALUES(588, 25, 'Granada', true);
INSERT INTO public.municipalities (municipalitie_id, departament_id, "name", status) VALUES(589, 25, 'Guacheta', true);
INSERT INTO public.municipalities (municipalitie_id, departament_id, "name", status) VALUES(590, 25, 'Guaduas', true);
INSERT INTO public.municipalities (municipalitie_id, departament_id, "name", status) VALUES(591, 25, 'Guasca', true);
INSERT INTO public.municipalities (municipalitie_id, departament_id, "name", status) VALUES(592, 25, 'Guataqui', true);
INSERT INTO public.municipalities (municipalitie_id, departament_id, "name", status) VALUES(593, 25, 'Guatavita', true);
INSERT INTO public.municipalities (municipalitie_id, departament_id, "name", status) VALUES(594, 25, 'Guayabal de siquima', true);
INSERT INTO public.municipalities (municipalitie_id, departament_id, "name", status) VALUES(595, 25, 'Guayabetal', true);
INSERT INTO public.municipalities (municipalitie_id, departament_id, "name", status) VALUES(596, 25, 'Gutierrez', true);
INSERT INTO public.municipalities (municipalitie_id, departament_id, "name", status) VALUES(597, 25, 'Jerusalen', true);
INSERT INTO public.municipalities (municipalitie_id, departament_id, "name", status) VALUES(598, 25, 'Junin', true);
INSERT INTO public.municipalities (municipalitie_id, departament_id, "name", status) VALUES(599, 25, 'La calera', true);
INSERT INTO public.municipalities (municipalitie_id, departament_id, "name", status) VALUES(600, 25, 'La mesa', true);
INSERT INTO public.municipalities (municipalitie_id, departament_id, "name", status) VALUES(601, 25, 'La palma', true);
INSERT INTO public.municipalities (municipalitie_id, departament_id, "name", status) VALUES(602, 25, 'La peña', true);
INSERT INTO public.municipalities (municipalitie_id, departament_id, "name", status) VALUES(603, 25, 'La vega', true);
INSERT INTO public.municipalities (municipalitie_id, departament_id, "name", status) VALUES(604, 25, 'Lenguazaque', true);
INSERT INTO public.municipalities (municipalitie_id, departament_id, "name", status) VALUES(605, 25, 'Macheta', true);
INSERT INTO public.municipalities (municipalitie_id, departament_id, "name", status) VALUES(606, 25, 'Madrid', true);
INSERT INTO public.municipalities (municipalitie_id, departament_id, "name", status) VALUES(607, 25, 'Manta', true);
INSERT INTO public.municipalities (municipalitie_id, departament_id, "name", status) VALUES(608, 25, 'Medina', true);
INSERT INTO public.municipalities (municipalitie_id, departament_id, "name", status) VALUES(609, 25, 'Mosquera', true);
INSERT INTO public.municipalities (municipalitie_id, departament_id, "name", status) VALUES(610, 25, 'Nariño', true);
INSERT INTO public.municipalities (municipalitie_id, departament_id, "name", status) VALUES(611, 25, 'Nemocon', true);
INSERT INTO public.municipalities (municipalitie_id, departament_id, "name", status) VALUES(612, 25, 'Nilo', true);
INSERT INTO public.municipalities (municipalitie_id, departament_id, "name", status) VALUES(613, 25, 'Nimaima', true);
INSERT INTO public.municipalities (municipalitie_id, departament_id, "name", status) VALUES(614, 25, 'Nocaima', true);
INSERT INTO public.municipalities (municipalitie_id, departament_id, "name", status) VALUES(615, 25, 'Pacho', true);
INSERT INTO public.municipalities (municipalitie_id, departament_id, "name", status) VALUES(616, 25, 'Paime', true);
INSERT INTO public.municipalities (municipalitie_id, departament_id, "name", status) VALUES(617, 25, 'Pandi', true);
INSERT INTO public.municipalities (municipalitie_id, departament_id, "name", status) VALUES(618, 25, 'Paratebueno', true);
INSERT INTO public.municipalities (municipalitie_id, departament_id, "name", status) VALUES(619, 25, 'Pasca', true);
INSERT INTO public.municipalities (municipalitie_id, departament_id, "name", status) VALUES(620, 25, 'Puerto salgar', true);
INSERT INTO public.municipalities (municipalitie_id, departament_id, "name", status) VALUES(621, 25, 'Puli', true);
INSERT INTO public.municipalities (municipalitie_id, departament_id, "name", status) VALUES(622, 25, 'Quebradanegra', true);
INSERT INTO public.municipalities (municipalitie_id, departament_id, "name", status) VALUES(623, 25, 'Quetame', true);
INSERT INTO public.municipalities (municipalitie_id, departament_id, "name", status) VALUES(624, 25, 'Quipile', true);
INSERT INTO public.municipalities (municipalitie_id, departament_id, "name", status) VALUES(625, 25, 'Ricaurte', true);
INSERT INTO public.municipalities (municipalitie_id, departament_id, "name", status) VALUES(626, 25, 'San antonio del tequendama', true);
INSERT INTO public.municipalities (municipalitie_id, departament_id, "name", status) VALUES(627, 25, 'San bernardo', true);
INSERT INTO public.municipalities (municipalitie_id, departament_id, "name", status) VALUES(628, 25, 'San cayetano', true);
INSERT INTO public.municipalities (municipalitie_id, departament_id, "name", status) VALUES(629, 25, 'San francisco', true);
INSERT INTO public.municipalities (municipalitie_id, departament_id, "name", status) VALUES(630, 25, 'San juan de rio seco', true);
INSERT INTO public.municipalities (municipalitie_id, departament_id, "name", status) VALUES(631, 25, 'Sasaima', true);
INSERT INTO public.municipalities (municipalitie_id, departament_id, "name", status) VALUES(632, 25, 'Sesquile', true);
INSERT INTO public.municipalities (municipalitie_id, departament_id, "name", status) VALUES(633, 25, 'Sibate', true);
INSERT INTO public.municipalities (municipalitie_id, departament_id, "name", status) VALUES(634, 25, 'Silvania', true);
INSERT INTO public.municipalities (municipalitie_id, departament_id, "name", status) VALUES(635, 25, 'Simijaca', true);
INSERT INTO public.municipalities (municipalitie_id, departament_id, "name", status) VALUES(636, 25, 'Soacha', true);
INSERT INTO public.municipalities (municipalitie_id, departament_id, "name", status) VALUES(637, 25, 'Sopo', true);
INSERT INTO public.municipalities (municipalitie_id, departament_id, "name", status) VALUES(638, 25, 'Subachoque', true);
INSERT INTO public.municipalities (municipalitie_id, departament_id, "name", status) VALUES(639, 25, 'Suesca', true);
INSERT INTO public.municipalities (municipalitie_id, departament_id, "name", status) VALUES(640, 25, 'Supata', true);
INSERT INTO public.municipalities (municipalitie_id, departament_id, "name", status) VALUES(641, 25, 'Susa', true);
INSERT INTO public.municipalities (municipalitie_id, departament_id, "name", status) VALUES(642, 25, 'Sutatausa', true);
INSERT INTO public.municipalities (municipalitie_id, departament_id, "name", status) VALUES(643, 25, 'Tabio', true);
INSERT INTO public.municipalities (municipalitie_id, departament_id, "name", status) VALUES(644, 25, 'Tausa', true);
INSERT INTO public.municipalities (municipalitie_id, departament_id, "name", status) VALUES(645, 25, 'Tena', true);
INSERT INTO public.municipalities (municipalitie_id, departament_id, "name", status) VALUES(646, 25, 'Tenjo', true);
INSERT INTO public.municipalities (municipalitie_id, departament_id, "name", status) VALUES(647, 25, 'Tibacuy', true);
INSERT INTO public.municipalities (municipalitie_id, departament_id, "name", status) VALUES(648, 25, 'Tibirita', true);
INSERT INTO public.municipalities (municipalitie_id, departament_id, "name", status) VALUES(649, 25, 'Tocaima', true);
INSERT INTO public.municipalities (municipalitie_id, departament_id, "name", status) VALUES(650, 25, 'Tocancipa', true);
INSERT INTO public.municipalities (municipalitie_id, departament_id, "name", status) VALUES(651, 25, 'Topaipi', true);
INSERT INTO public.municipalities (municipalitie_id, departament_id, "name", status) VALUES(652, 25, 'Ubala', true);
INSERT INTO public.municipalities (municipalitie_id, departament_id, "name", status) VALUES(653, 25, 'Ubaque', true);
INSERT INTO public.municipalities (municipalitie_id, departament_id, "name", status) VALUES(654, 25, 'Une', true);
INSERT INTO public.municipalities (municipalitie_id, departament_id, "name", status) VALUES(655, 25, 'Utica', true);
INSERT INTO public.municipalities (municipalitie_id, departament_id, "name", status) VALUES(656, 25, 'Venecia', true);
INSERT INTO public.municipalities (municipalitie_id, departament_id, "name", status) VALUES(657, 25, 'Vergara', true);
INSERT INTO public.municipalities (municipalitie_id, departament_id, "name", status) VALUES(658, 25, 'Viani', true);
INSERT INTO public.municipalities (municipalitie_id, departament_id, "name", status) VALUES(659, 25, 'Villa de san diego de ubate', true);
INSERT INTO public.municipalities (municipalitie_id, departament_id, "name", status) VALUES(660, 25, 'Villagomez', true);
INSERT INTO public.municipalities (municipalitie_id, departament_id, "name", status) VALUES(661, 25, 'Villapinzon', true);
INSERT INTO public.municipalities (municipalitie_id, departament_id, "name", status) VALUES(662, 25, 'Villeta', true);
INSERT INTO public.municipalities (municipalitie_id, departament_id, "name", status) VALUES(663, 25, 'Viota', true);
INSERT INTO public.municipalities (municipalitie_id, departament_id, "name", status) VALUES(664, 25, 'Yacopi', true);
INSERT INTO public.municipalities (municipalitie_id, departament_id, "name", status) VALUES(665, 25, 'Zipacon', true);
INSERT INTO public.municipalities (municipalitie_id, departament_id, "name", status) VALUES(666, 25, 'Zipaquira', true);
INSERT INTO public.municipalities (municipalitie_id, departament_id, "name", status) VALUES(667, 94, 'Barranco minas', true);
INSERT INTO public.municipalities (municipalitie_id, departament_id, "name", status) VALUES(668, 94, 'Cacahual', true);
INSERT INTO public.municipalities (municipalitie_id, departament_id, "name", status) VALUES(669, 94, 'Inirida', true);
INSERT INTO public.municipalities (municipalitie_id, departament_id, "name", status) VALUES(670, 94, 'La guadalupe', true);
INSERT INTO public.municipalities (municipalitie_id, departament_id, "name", status) VALUES(671, 94, 'Mapiripana', true);
INSERT INTO public.municipalities (municipalitie_id, departament_id, "name", status) VALUES(672, 94, 'Morichal', true);
INSERT INTO public.municipalities (municipalitie_id, departament_id, "name", status) VALUES(673, 94, 'Pana pana', true);
INSERT INTO public.municipalities (municipalitie_id, departament_id, "name", status) VALUES(674, 94, 'Puerto colombia', true);
INSERT INTO public.municipalities (municipalitie_id, departament_id, "name", status) VALUES(675, 94, 'San felipe', true);
INSERT INTO public.municipalities (municipalitie_id, departament_id, "name", status) VALUES(676, 95, 'Calamar', true);
INSERT INTO public.municipalities (municipalitie_id, departament_id, "name", status) VALUES(677, 95, 'El retorno', true);
INSERT INTO public.municipalities (municipalitie_id, departament_id, "name", status) VALUES(678, 95, 'Miraflores', true);
INSERT INTO public.municipalities (municipalitie_id, departament_id, "name", status) VALUES(679, 95, 'San jose del guaviare', true);
INSERT INTO public.municipalities (municipalitie_id, departament_id, "name", status) VALUES(680, 41, 'Acevedo', true);
INSERT INTO public.municipalities (municipalitie_id, departament_id, "name", status) VALUES(681, 41, 'Agrado', true);
INSERT INTO public.municipalities (municipalitie_id, departament_id, "name", status) VALUES(682, 41, 'Aipe', true);
INSERT INTO public.municipalities (municipalitie_id, departament_id, "name", status) VALUES(683, 41, 'Algeciras', true);
INSERT INTO public.municipalities (municipalitie_id, departament_id, "name", status) VALUES(684, 41, 'Altamira', true);
INSERT INTO public.municipalities (municipalitie_id, departament_id, "name", status) VALUES(685, 41, 'Baraya', true);
INSERT INTO public.municipalities (municipalitie_id, departament_id, "name", status) VALUES(686, 41, 'Campoalegre', true);
INSERT INTO public.municipalities (municipalitie_id, departament_id, "name", status) VALUES(687, 41, 'Colombia', true);
INSERT INTO public.municipalities (municipalitie_id, departament_id, "name", status) VALUES(688, 41, 'Elias', true);
INSERT INTO public.municipalities (municipalitie_id, departament_id, "name", status) VALUES(689, 41, 'Garzon', true);
INSERT INTO public.municipalities (municipalitie_id, departament_id, "name", status) VALUES(690, 41, 'Gigante', true);
INSERT INTO public.municipalities (municipalitie_id, departament_id, "name", status) VALUES(691, 41, 'Guadalupe', true);
INSERT INTO public.municipalities (municipalitie_id, departament_id, "name", status) VALUES(692, 41, 'Iquira', true);
INSERT INTO public.municipalities (municipalitie_id, departament_id, "name", status) VALUES(693, 41, 'Isnos', true);
INSERT INTO public.municipalities (municipalitie_id, departament_id, "name", status) VALUES(694, 41, 'La argentina', true);
INSERT INTO public.municipalities (municipalitie_id, departament_id, "name", status) VALUES(695, 41, 'La plata', true);
INSERT INTO public.municipalities (municipalitie_id, departament_id, "name", status) VALUES(696, 41, 'Nataga', true);
INSERT INTO public.municipalities (municipalitie_id, departament_id, "name", status) VALUES(697, 41, 'Neiva', true);
INSERT INTO public.municipalities (municipalitie_id, departament_id, "name", status) VALUES(698, 41, 'Oporapa', true);
INSERT INTO public.municipalities (municipalitie_id, departament_id, "name", status) VALUES(699, 41, 'Paicol', true);
INSERT INTO public.municipalities (municipalitie_id, departament_id, "name", status) VALUES(700, 41, 'Palermo', true);
INSERT INTO public.municipalities (municipalitie_id, departament_id, "name", status) VALUES(701, 41, 'Palestina', true);
INSERT INTO public.municipalities (municipalitie_id, departament_id, "name", status) VALUES(702, 41, 'Pital', true);
INSERT INTO public.municipalities (municipalitie_id, departament_id, "name", status) VALUES(703, 41, 'Pitalito', true);
INSERT INTO public.municipalities (municipalitie_id, departament_id, "name", status) VALUES(704, 41, 'Rivera', true);
INSERT INTO public.municipalities (municipalitie_id, departament_id, "name", status) VALUES(705, 41, 'Saladoblanco', true);
INSERT INTO public.municipalities (municipalitie_id, departament_id, "name", status) VALUES(706, 41, 'San agustin', true);
INSERT INTO public.municipalities (municipalitie_id, departament_id, "name", status) VALUES(707, 41, 'Santa maria', true);
INSERT INTO public.municipalities (municipalitie_id, departament_id, "name", status) VALUES(708, 41, 'Suaza', true);
INSERT INTO public.municipalities (municipalitie_id, departament_id, "name", status) VALUES(709, 41, 'Tarqui', true);
INSERT INTO public.municipalities (municipalitie_id, departament_id, "name", status) VALUES(710, 41, 'Tello', true);
INSERT INTO public.municipalities (municipalitie_id, departament_id, "name", status) VALUES(711, 41, 'Teruel', true);
INSERT INTO public.municipalities (municipalitie_id, departament_id, "name", status) VALUES(712, 41, 'Tesalia', true);
INSERT INTO public.municipalities (municipalitie_id, departament_id, "name", status) VALUES(713, 41, 'Timana', true);
INSERT INTO public.municipalities (municipalitie_id, departament_id, "name", status) VALUES(714, 41, 'Villavieja', true);
INSERT INTO public.municipalities (municipalitie_id, departament_id, "name", status) VALUES(715, 41, 'Yaguara', true);
INSERT INTO public.municipalities (municipalitie_id, departament_id, "name", status) VALUES(716, 44, 'Albania', true);
INSERT INTO public.municipalities (municipalitie_id, departament_id, "name", status) VALUES(717, 44, 'Barrancas', true);
INSERT INTO public.municipalities (municipalitie_id, departament_id, "name", status) VALUES(718, 44, 'Dibulla', true);
INSERT INTO public.municipalities (municipalitie_id, departament_id, "name", status) VALUES(719, 44, 'Distraccion', true);
INSERT INTO public.municipalities (municipalitie_id, departament_id, "name", status) VALUES(720, 44, 'El molino', true);
INSERT INTO public.municipalities (municipalitie_id, departament_id, "name", status) VALUES(721, 44, 'Fonseca', true);
INSERT INTO public.municipalities (municipalitie_id, departament_id, "name", status) VALUES(722, 44, 'Hatonuevo', true);
INSERT INTO public.municipalities (municipalitie_id, departament_id, "name", status) VALUES(723, 44, 'La jagua del pilar', true);
INSERT INTO public.municipalities (municipalitie_id, departament_id, "name", status) VALUES(724, 44, 'Maicao', true);
INSERT INTO public.municipalities (municipalitie_id, departament_id, "name", status) VALUES(725, 44, 'Manaure', true);
INSERT INTO public.municipalities (municipalitie_id, departament_id, "name", status) VALUES(726, 44, 'Riohacha', true);
INSERT INTO public.municipalities (municipalitie_id, departament_id, "name", status) VALUES(727, 44, 'San juan del cesar', true);
INSERT INTO public.municipalities (municipalitie_id, departament_id, "name", status) VALUES(728, 44, 'Uribia', true);
INSERT INTO public.municipalities (municipalitie_id, departament_id, "name", status) VALUES(729, 44, 'Urumita', true);
INSERT INTO public.municipalities (municipalitie_id, departament_id, "name", status) VALUES(730, 44, 'Villanueva', true);
INSERT INTO public.municipalities (municipalitie_id, departament_id, "name", status) VALUES(731, 47, 'Algarrobo', true);
INSERT INTO public.municipalities (municipalitie_id, departament_id, "name", status) VALUES(732, 47, 'Aracataca', true);
INSERT INTO public.municipalities (municipalitie_id, departament_id, "name", status) VALUES(733, 47, 'Ariguani', true);
INSERT INTO public.municipalities (municipalitie_id, departament_id, "name", status) VALUES(734, 47, 'Cerro san antonio', true);
INSERT INTO public.municipalities (municipalitie_id, departament_id, "name", status) VALUES(735, 47, 'Chibolo', true);
INSERT INTO public.municipalities (municipalitie_id, departament_id, "name", status) VALUES(736, 47, 'Cienaga', true);
INSERT INTO public.municipalities (municipalitie_id, departament_id, "name", status) VALUES(737, 47, 'Concordia', true);
INSERT INTO public.municipalities (municipalitie_id, departament_id, "name", status) VALUES(738, 47, 'El banco', true);
INSERT INTO public.municipalities (municipalitie_id, departament_id, "name", status) VALUES(739, 47, 'El piñon', true);
INSERT INTO public.municipalities (municipalitie_id, departament_id, "name", status) VALUES(740, 47, 'El reten', true);
INSERT INTO public.municipalities (municipalitie_id, departament_id, "name", status) VALUES(741, 47, 'Fundacion', true);
INSERT INTO public.municipalities (municipalitie_id, departament_id, "name", status) VALUES(742, 47, 'Guamal', true);
INSERT INTO public.municipalities (municipalitie_id, departament_id, "name", status) VALUES(743, 47, 'Nueva granada', true);
INSERT INTO public.municipalities (municipalitie_id, departament_id, "name", status) VALUES(744, 47, 'Pedraza', true);
INSERT INTO public.municipalities (municipalitie_id, departament_id, "name", status) VALUES(745, 47, 'Pijiño del carmen', true);
INSERT INTO public.municipalities (municipalitie_id, departament_id, "name", status) VALUES(746, 47, 'Pivijay', true);
INSERT INTO public.municipalities (municipalitie_id, departament_id, "name", status) VALUES(747, 47, 'Plato', true);
INSERT INTO public.municipalities (municipalitie_id, departament_id, "name", status) VALUES(748, 47, 'Puebloviejo', true);
INSERT INTO public.municipalities (municipalitie_id, departament_id, "name", status) VALUES(749, 47, 'Remolino', true);
INSERT INTO public.municipalities (municipalitie_id, departament_id, "name", status) VALUES(750, 47, 'Sabanas de san angel', true);
INSERT INTO public.municipalities (municipalitie_id, departament_id, "name", status) VALUES(751, 47, 'Salamina', true);
INSERT INTO public.municipalities (municipalitie_id, departament_id, "name", status) VALUES(752, 47, 'San sebastian de buenavista', true);
INSERT INTO public.municipalities (municipalitie_id, departament_id, "name", status) VALUES(753, 47, 'San zenon', true);
INSERT INTO public.municipalities (municipalitie_id, departament_id, "name", status) VALUES(754, 47, 'Santa ana', true);
INSERT INTO public.municipalities (municipalitie_id, departament_id, "name", status) VALUES(755, 47, 'Santa barbara de pinto', true);
INSERT INTO public.municipalities (municipalitie_id, departament_id, "name", status) VALUES(756, 47, 'Santa marta', true);
INSERT INTO public.municipalities (municipalitie_id, departament_id, "name", status) VALUES(757, 47, 'Sitionuevo', true);
INSERT INTO public.municipalities (municipalitie_id, departament_id, "name", status) VALUES(758, 47, 'Tenerife', true);
INSERT INTO public.municipalities (municipalitie_id, departament_id, "name", status) VALUES(759, 47, 'Zapayan', true);
INSERT INTO public.municipalities (municipalitie_id, departament_id, "name", status) VALUES(760, 47, 'Zona bananera', true);
INSERT INTO public.municipalities (municipalitie_id, departament_id, "name", status) VALUES(761, 50, 'Acacias', true);
INSERT INTO public.municipalities (municipalitie_id, departament_id, "name", status) VALUES(762, 50, 'Barranca de upia', true);
INSERT INTO public.municipalities (municipalitie_id, departament_id, "name", status) VALUES(763, 50, 'Cabuyaro', true);
INSERT INTO public.municipalities (municipalitie_id, departament_id, "name", status) VALUES(764, 50, 'Castilla la nueva', true);
INSERT INTO public.municipalities (municipalitie_id, departament_id, "name", status) VALUES(765, 50, 'Cubarral', true);
INSERT INTO public.municipalities (municipalitie_id, departament_id, "name", status) VALUES(766, 50, 'Cumaral', true);
INSERT INTO public.municipalities (municipalitie_id, departament_id, "name", status) VALUES(767, 50, 'El calvario', true);
INSERT INTO public.municipalities (municipalitie_id, departament_id, "name", status) VALUES(768, 50, 'El castillo', true);
INSERT INTO public.municipalities (municipalitie_id, departament_id, "name", status) VALUES(769, 50, 'El dorado', true);
INSERT INTO public.municipalities (municipalitie_id, departament_id, "name", status) VALUES(770, 50, 'Fuente de oro', true);
INSERT INTO public.municipalities (municipalitie_id, departament_id, "name", status) VALUES(771, 50, 'Granada', true);
INSERT INTO public.municipalities (municipalitie_id, departament_id, "name", status) VALUES(772, 50, 'Guamal', true);
INSERT INTO public.municipalities (municipalitie_id, departament_id, "name", status) VALUES(773, 50, 'La macarena', true);
INSERT INTO public.municipalities (municipalitie_id, departament_id, "name", status) VALUES(774, 50, 'Lejanias', true);
INSERT INTO public.municipalities (municipalitie_id, departament_id, "name", status) VALUES(775, 50, 'Mapiripan', true);
INSERT INTO public.municipalities (municipalitie_id, departament_id, "name", status) VALUES(776, 50, 'Mesetas', true);
INSERT INTO public.municipalities (municipalitie_id, departament_id, "name", status) VALUES(777, 50, 'Puerto concordia', true);
INSERT INTO public.municipalities (municipalitie_id, departament_id, "name", status) VALUES(778, 50, 'Puerto gaitan', true);
INSERT INTO public.municipalities (municipalitie_id, departament_id, "name", status) VALUES(779, 50, 'Puerto lleras', true);
INSERT INTO public.municipalities (municipalitie_id, departament_id, "name", status) VALUES(780, 50, 'Puerto lopez', true);
INSERT INTO public.municipalities (municipalitie_id, departament_id, "name", status) VALUES(781, 50, 'Puerto rico', true);
INSERT INTO public.municipalities (municipalitie_id, departament_id, "name", status) VALUES(782, 50, 'Restrepo', true);
INSERT INTO public.municipalities (municipalitie_id, departament_id, "name", status) VALUES(783, 50, 'San carlos de guaroa', true);
INSERT INTO public.municipalities (municipalitie_id, departament_id, "name", status) VALUES(784, 50, 'San juan de arama', true);
INSERT INTO public.municipalities (municipalitie_id, departament_id, "name", status) VALUES(785, 50, 'San juanito', true);
INSERT INTO public.municipalities (municipalitie_id, departament_id, "name", status) VALUES(786, 50, 'San martin', true);
INSERT INTO public.municipalities (municipalitie_id, departament_id, "name", status) VALUES(787, 50, 'Uribe', true);
INSERT INTO public.municipalities (municipalitie_id, departament_id, "name", status) VALUES(788, 50, 'Villavicencio', true);
INSERT INTO public.municipalities (municipalitie_id, departament_id, "name", status) VALUES(789, 50, 'Vistahermosa', true);
INSERT INTO public.municipalities (municipalitie_id, departament_id, "name", status) VALUES(790, 52, 'Alban', true);
INSERT INTO public.municipalities (municipalitie_id, departament_id, "name", status) VALUES(791, 52, 'Aldana', true);
INSERT INTO public.municipalities (municipalitie_id, departament_id, "name", status) VALUES(792, 52, 'Ancuya', true);
INSERT INTO public.municipalities (municipalitie_id, departament_id, "name", status) VALUES(793, 52, 'Arboleda', true);
INSERT INTO public.municipalities (municipalitie_id, departament_id, "name", status) VALUES(794, 52, 'Barbacoas', true);
INSERT INTO public.municipalities (municipalitie_id, departament_id, "name", status) VALUES(795, 52, 'Belen', true);
INSERT INTO public.municipalities (municipalitie_id, departament_id, "name", status) VALUES(796, 52, 'Buesaco', true);
INSERT INTO public.municipalities (municipalitie_id, departament_id, "name", status) VALUES(797, 52, 'Chachagãœi', true);
INSERT INTO public.municipalities (municipalitie_id, departament_id, "name", status) VALUES(798, 52, 'Colon', true);
INSERT INTO public.municipalities (municipalitie_id, departament_id, "name", status) VALUES(799, 52, 'Consaca', true);
INSERT INTO public.municipalities (municipalitie_id, departament_id, "name", status) VALUES(800, 52, 'Contadero', true);
INSERT INTO public.municipalities (municipalitie_id, departament_id, "name", status) VALUES(801, 52, 'Cordoba', true);
INSERT INTO public.municipalities (municipalitie_id, departament_id, "name", status) VALUES(802, 52, 'Cuaspud', true);
INSERT INTO public.municipalities (municipalitie_id, departament_id, "name", status) VALUES(803, 52, 'Cumbal', true);
INSERT INTO public.municipalities (municipalitie_id, departament_id, "name", status) VALUES(804, 52, 'Cumbitara', true);
INSERT INTO public.municipalities (municipalitie_id, departament_id, "name", status) VALUES(805, 52, 'El charco', true);
INSERT INTO public.municipalities (municipalitie_id, departament_id, "name", status) VALUES(806, 52, 'El peñol', true);
INSERT INTO public.municipalities (municipalitie_id, departament_id, "name", status) VALUES(807, 52, 'El rosario', true);
INSERT INTO public.municipalities (municipalitie_id, departament_id, "name", status) VALUES(808, 52, 'El tablon de gomez', true);
INSERT INTO public.municipalities (municipalitie_id, departament_id, "name", status) VALUES(809, 52, 'El tambo', true);
INSERT INTO public.municipalities (municipalitie_id, departament_id, "name", status) VALUES(810, 52, 'Francisco pizarro', true);
INSERT INTO public.municipalities (municipalitie_id, departament_id, "name", status) VALUES(811, 52, 'Funes', true);
INSERT INTO public.municipalities (municipalitie_id, departament_id, "name", status) VALUES(812, 52, 'Guachucal', true);
INSERT INTO public.municipalities (municipalitie_id, departament_id, "name", status) VALUES(813, 52, 'Guaitarilla', true);
INSERT INTO public.municipalities (municipalitie_id, departament_id, "name", status) VALUES(814, 52, 'Gualmatan', true);
INSERT INTO public.municipalities (municipalitie_id, departament_id, "name", status) VALUES(815, 52, 'Iles', true);
INSERT INTO public.municipalities (municipalitie_id, departament_id, "name", status) VALUES(816, 52, 'Imues', true);
INSERT INTO public.municipalities (municipalitie_id, departament_id, "name", status) VALUES(817, 52, 'Ipiales', true);
INSERT INTO public.municipalities (municipalitie_id, departament_id, "name", status) VALUES(818, 52, 'La cruz', true);
INSERT INTO public.municipalities (municipalitie_id, departament_id, "name", status) VALUES(819, 52, 'La florida', true);
INSERT INTO public.municipalities (municipalitie_id, departament_id, "name", status) VALUES(820, 52, 'La llanada', true);
INSERT INTO public.municipalities (municipalitie_id, departament_id, "name", status) VALUES(821, 52, 'La tola', true);
INSERT INTO public.municipalities (municipalitie_id, departament_id, "name", status) VALUES(822, 52, 'La union', true);
INSERT INTO public.municipalities (municipalitie_id, departament_id, "name", status) VALUES(823, 52, 'Leiva', true);
INSERT INTO public.municipalities (municipalitie_id, departament_id, "name", status) VALUES(824, 52, 'Linares', true);
INSERT INTO public.municipalities (municipalitie_id, departament_id, "name", status) VALUES(825, 52, 'Los andes', true);
INSERT INTO public.municipalities (municipalitie_id, departament_id, "name", status) VALUES(826, 52, 'Magãœi', true);
INSERT INTO public.municipalities (municipalitie_id, departament_id, "name", status) VALUES(827, 52, 'Mallama', true);
INSERT INTO public.municipalities (municipalitie_id, departament_id, "name", status) VALUES(828, 52, 'Mosquera', true);
INSERT INTO public.municipalities (municipalitie_id, departament_id, "name", status) VALUES(829, 52, 'Nariño', true);
INSERT INTO public.municipalities (municipalitie_id, departament_id, "name", status) VALUES(830, 52, 'Olaya herrera', true);
INSERT INTO public.municipalities (municipalitie_id, departament_id, "name", status) VALUES(831, 52, 'Ospina', true);
INSERT INTO public.municipalities (municipalitie_id, departament_id, "name", status) VALUES(832, 52, 'Pasto', true);
INSERT INTO public.municipalities (municipalitie_id, departament_id, "name", status) VALUES(833, 52, 'Policarpa', true);
INSERT INTO public.municipalities (municipalitie_id, departament_id, "name", status) VALUES(834, 52, 'Potosi', true);
INSERT INTO public.municipalities (municipalitie_id, departament_id, "name", status) VALUES(835, 52, 'Providencia', true);
INSERT INTO public.municipalities (municipalitie_id, departament_id, "name", status) VALUES(836, 52, 'Puerres', true);
INSERT INTO public.municipalities (municipalitie_id, departament_id, "name", status) VALUES(837, 52, 'Pupiales', true);
INSERT INTO public.municipalities (municipalitie_id, departament_id, "name", status) VALUES(838, 52, 'Ricaurte', true);
INSERT INTO public.municipalities (municipalitie_id, departament_id, "name", status) VALUES(839, 52, 'Roberto payan', true);
INSERT INTO public.municipalities (municipalitie_id, departament_id, "name", status) VALUES(840, 52, 'Samaniego', true);
INSERT INTO public.municipalities (municipalitie_id, departament_id, "name", status) VALUES(841, 52, 'San bernardo', true);
INSERT INTO public.municipalities (municipalitie_id, departament_id, "name", status) VALUES(842, 52, 'San lorenzo', true);
INSERT INTO public.municipalities (municipalitie_id, departament_id, "name", status) VALUES(843, 52, 'San pablo', true);
INSERT INTO public.municipalities (municipalitie_id, departament_id, "name", status) VALUES(844, 52, 'San pedro de cartago', true);
INSERT INTO public.municipalities (municipalitie_id, departament_id, "name", status) VALUES(845, 52, 'Sandona', true);
INSERT INTO public.municipalities (municipalitie_id, departament_id, "name", status) VALUES(846, 52, 'Santa barbara', true);
INSERT INTO public.municipalities (municipalitie_id, departament_id, "name", status) VALUES(847, 52, 'Santacruz', true);
INSERT INTO public.municipalities (municipalitie_id, departament_id, "name", status) VALUES(848, 52, 'Sapuyes', true);
INSERT INTO public.municipalities (municipalitie_id, departament_id, "name", status) VALUES(849, 52, 'Taminango', true);
INSERT INTO public.municipalities (municipalitie_id, departament_id, "name", status) VALUES(850, 52, 'Tangua', true);
INSERT INTO public.municipalities (municipalitie_id, departament_id, "name", status) VALUES(851, 52, 'Tumaco', true);
INSERT INTO public.municipalities (municipalitie_id, departament_id, "name", status) VALUES(852, 52, 'Tuquerres', true);
INSERT INTO public.municipalities (municipalitie_id, departament_id, "name", status) VALUES(853, 52, 'Yacuanquer', true);
INSERT INTO public.municipalities (municipalitie_id, departament_id, "name", status) VALUES(854, 54, 'Abrego', true);
INSERT INTO public.municipalities (municipalitie_id, departament_id, "name", status) VALUES(855, 54, 'Arboledas', true);
INSERT INTO public.municipalities (municipalitie_id, departament_id, "name", status) VALUES(856, 54, 'Bochalema', true);
INSERT INTO public.municipalities (municipalitie_id, departament_id, "name", status) VALUES(857, 54, 'Bucarasica', true);
INSERT INTO public.municipalities (municipalitie_id, departament_id, "name", status) VALUES(858, 54, 'Cachira', true);
INSERT INTO public.municipalities (municipalitie_id, departament_id, "name", status) VALUES(859, 54, 'Cacota', true);
INSERT INTO public.municipalities (municipalitie_id, departament_id, "name", status) VALUES(860, 54, 'Chinacota', true);
INSERT INTO public.municipalities (municipalitie_id, departament_id, "name", status) VALUES(861, 54, 'Chitaga', true);
INSERT INTO public.municipalities (municipalitie_id, departament_id, "name", status) VALUES(862, 54, 'Convencion', true);
INSERT INTO public.municipalities (municipalitie_id, departament_id, "name", status) VALUES(863, 54, 'Cucuta', true);
INSERT INTO public.municipalities (municipalitie_id, departament_id, "name", status) VALUES(864, 54, 'Cucutilla', true);
INSERT INTO public.municipalities (municipalitie_id, departament_id, "name", status) VALUES(865, 54, 'Durania', true);
INSERT INTO public.municipalities (municipalitie_id, departament_id, "name", status) VALUES(866, 54, 'El carmen', true);
INSERT INTO public.municipalities (municipalitie_id, departament_id, "name", status) VALUES(867, 54, 'El tarra', true);
INSERT INTO public.municipalities (municipalitie_id, departament_id, "name", status) VALUES(868, 54, 'El zulia', true);
INSERT INTO public.municipalities (municipalitie_id, departament_id, "name", status) VALUES(869, 54, 'Gramalote', true);
INSERT INTO public.municipalities (municipalitie_id, departament_id, "name", status) VALUES(870, 54, 'Hacari', true);
INSERT INTO public.municipalities (municipalitie_id, departament_id, "name", status) VALUES(871, 54, 'Herran', true);
INSERT INTO public.municipalities (municipalitie_id, departament_id, "name", status) VALUES(872, 54, 'La esperanza', true);
INSERT INTO public.municipalities (municipalitie_id, departament_id, "name", status) VALUES(873, 54, 'La playa', true);
INSERT INTO public.municipalities (municipalitie_id, departament_id, "name", status) VALUES(874, 54, 'Labateca', true);
INSERT INTO public.municipalities (municipalitie_id, departament_id, "name", status) VALUES(875, 54, 'Los patios', true);
INSERT INTO public.municipalities (municipalitie_id, departament_id, "name", status) VALUES(876, 54, 'Lourdes', true);
INSERT INTO public.municipalities (municipalitie_id, departament_id, "name", status) VALUES(877, 54, 'Mutiscua', true);
INSERT INTO public.municipalities (municipalitie_id, departament_id, "name", status) VALUES(878, 54, 'Ocaña', true);
INSERT INTO public.municipalities (municipalitie_id, departament_id, "name", status) VALUES(879, 54, 'Pamplona', true);
INSERT INTO public.municipalities (municipalitie_id, departament_id, "name", status) VALUES(880, 54, 'Pamplonita', true);
INSERT INTO public.municipalities (municipalitie_id, departament_id, "name", status) VALUES(881, 54, 'Puerto santander', true);
INSERT INTO public.municipalities (municipalitie_id, departament_id, "name", status) VALUES(882, 54, 'Ragonvalia', true);
INSERT INTO public.municipalities (municipalitie_id, departament_id, "name", status) VALUES(883, 54, 'Salazar', true);
INSERT INTO public.municipalities (municipalitie_id, departament_id, "name", status) VALUES(884, 54, 'San calixto', true);
INSERT INTO public.municipalities (municipalitie_id, departament_id, "name", status) VALUES(885, 54, 'San cayetano', true);
INSERT INTO public.municipalities (municipalitie_id, departament_id, "name", status) VALUES(886, 54, 'Santiago', true);
INSERT INTO public.municipalities (municipalitie_id, departament_id, "name", status) VALUES(887, 54, 'Sardinata', true);
INSERT INTO public.municipalities (municipalitie_id, departament_id, "name", status) VALUES(888, 54, 'Silos', true);
INSERT INTO public.municipalities (municipalitie_id, departament_id, "name", status) VALUES(889, 54, 'Teorama', true);
INSERT INTO public.municipalities (municipalitie_id, departament_id, "name", status) VALUES(890, 54, 'Tibu', true);
INSERT INTO public.municipalities (municipalitie_id, departament_id, "name", status) VALUES(891, 54, 'Toledo', true);
INSERT INTO public.municipalities (municipalitie_id, departament_id, "name", status) VALUES(892, 54, 'Villa caro', true);
INSERT INTO public.municipalities (municipalitie_id, departament_id, "name", status) VALUES(893, 54, 'Villa del rosario', true);
INSERT INTO public.municipalities (municipalitie_id, departament_id, "name", status) VALUES(894, 86, 'Colon', true);
INSERT INTO public.municipalities (municipalitie_id, departament_id, "name", status) VALUES(895, 86, 'Leguizamo', true);
INSERT INTO public.municipalities (municipalitie_id, departament_id, "name", status) VALUES(896, 86, 'Mocoa', true);
INSERT INTO public.municipalities (municipalitie_id, departament_id, "name", status) VALUES(897, 86, 'Orito', true);
INSERT INTO public.municipalities (municipalitie_id, departament_id, "name", status) VALUES(898, 86, 'Puerto asis', true);
INSERT INTO public.municipalities (municipalitie_id, departament_id, "name", status) VALUES(899, 86, 'Puerto caicedo', true);
INSERT INTO public.municipalities (municipalitie_id, departament_id, "name", status) VALUES(900, 86, 'Puerto guzman', true);
INSERT INTO public.municipalities (municipalitie_id, departament_id, "name", status) VALUES(901, 86, 'San francisco', true);
INSERT INTO public.municipalities (municipalitie_id, departament_id, "name", status) VALUES(902, 86, 'San miguel', true);
INSERT INTO public.municipalities (municipalitie_id, departament_id, "name", status) VALUES(903, 86, 'Santiago', true);
INSERT INTO public.municipalities (municipalitie_id, departament_id, "name", status) VALUES(904, 86, 'Sibundoy', true);
INSERT INTO public.municipalities (municipalitie_id, departament_id, "name", status) VALUES(905, 86, 'Valle del guamuez', true);
INSERT INTO public.municipalities (municipalitie_id, departament_id, "name", status) VALUES(906, 86, 'Villagarzon', true);
INSERT INTO public.municipalities (municipalitie_id, departament_id, "name", status) VALUES(907, 63, 'Armenia', true);
INSERT INTO public.municipalities (municipalitie_id, departament_id, "name", status) VALUES(908, 63, 'Buenavista', true);
INSERT INTO public.municipalities (municipalitie_id, departament_id, "name", status) VALUES(909, 63, 'Calarca', true);
INSERT INTO public.municipalities (municipalitie_id, departament_id, "name", status) VALUES(910, 63, 'Circasia', true);
INSERT INTO public.municipalities (municipalitie_id, departament_id, "name", status) VALUES(911, 63, 'Cordoba', true);
INSERT INTO public.municipalities (municipalitie_id, departament_id, "name", status) VALUES(912, 63, 'Filandia', true);
INSERT INTO public.municipalities (municipalitie_id, departament_id, "name", status) VALUES(913, 63, 'Genova', true);
INSERT INTO public.municipalities (municipalitie_id, departament_id, "name", status) VALUES(914, 63, 'La tebaida', true);
INSERT INTO public.municipalities (municipalitie_id, departament_id, "name", status) VALUES(915, 63, 'Montenegro', true);
INSERT INTO public.municipalities (municipalitie_id, departament_id, "name", status) VALUES(916, 63, 'Pijao', true);
INSERT INTO public.municipalities (municipalitie_id, departament_id, "name", status) VALUES(917, 63, 'Quimbaya', true);
INSERT INTO public.municipalities (municipalitie_id, departament_id, "name", status) VALUES(918, 63, 'Salento', true);
INSERT INTO public.municipalities (municipalitie_id, departament_id, "name", status) VALUES(919, 66, 'Apia', true);
INSERT INTO public.municipalities (municipalitie_id, departament_id, "name", status) VALUES(920, 66, 'Balboa', true);
INSERT INTO public.municipalities (municipalitie_id, departament_id, "name", status) VALUES(921, 66, 'Belen de umbria', true);
INSERT INTO public.municipalities (municipalitie_id, departament_id, "name", status) VALUES(922, 66, 'Dosquebradas', true);
INSERT INTO public.municipalities (municipalitie_id, departament_id, "name", status) VALUES(923, 66, 'Guatica', true);
INSERT INTO public.municipalities (municipalitie_id, departament_id, "name", status) VALUES(924, 66, 'La celia', true);
INSERT INTO public.municipalities (municipalitie_id, departament_id, "name", status) VALUES(925, 66, 'La virginia', true);
INSERT INTO public.municipalities (municipalitie_id, departament_id, "name", status) VALUES(926, 66, 'Marsella', true);
INSERT INTO public.municipalities (municipalitie_id, departament_id, "name", status) VALUES(927, 66, 'Mistrato', true);
INSERT INTO public.municipalities (municipalitie_id, departament_id, "name", status) VALUES(928, 66, 'Pereira', true);
INSERT INTO public.municipalities (municipalitie_id, departament_id, "name", status) VALUES(929, 66, 'Pueblo rico', true);
INSERT INTO public.municipalities (municipalitie_id, departament_id, "name", status) VALUES(930, 66, 'Quinchia', true);
INSERT INTO public.municipalities (municipalitie_id, departament_id, "name", status) VALUES(931, 66, 'Santa rosa de cabal', true);
INSERT INTO public.municipalities (municipalitie_id, departament_id, "name", status) VALUES(932, 66, 'Santuario', true);
INSERT INTO public.municipalities (municipalitie_id, departament_id, "name", status) VALUES(933, 68, 'Aguada', true);
INSERT INTO public.municipalities (municipalitie_id, departament_id, "name", status) VALUES(934, 68, 'Albania', true);
INSERT INTO public.municipalities (municipalitie_id, departament_id, "name", status) VALUES(935, 68, 'Aratoca', true);
INSERT INTO public.municipalities (municipalitie_id, departament_id, "name", status) VALUES(936, 68, 'Barbosa', true);
INSERT INTO public.municipalities (municipalitie_id, departament_id, "name", status) VALUES(937, 68, 'Barichara', true);
INSERT INTO public.municipalities (municipalitie_id, departament_id, "name", status) VALUES(938, 68, 'Barrancabermeja', true);
INSERT INTO public.municipalities (municipalitie_id, departament_id, "name", status) VALUES(939, 68, 'Betulia', true);
INSERT INTO public.municipalities (municipalitie_id, departament_id, "name", status) VALUES(940, 68, 'Bolivar', true);
INSERT INTO public.municipalities (municipalitie_id, departament_id, "name", status) VALUES(941, 68, 'Bucaramanga', true);
INSERT INTO public.municipalities (municipalitie_id, departament_id, "name", status) VALUES(942, 68, 'Cabrera', true);
INSERT INTO public.municipalities (municipalitie_id, departament_id, "name", status) VALUES(943, 68, 'California', true);
INSERT INTO public.municipalities (municipalitie_id, departament_id, "name", status) VALUES(944, 68, 'Capitanejo', true);
INSERT INTO public.municipalities (municipalitie_id, departament_id, "name", status) VALUES(945, 68, 'Carcasi', true);
INSERT INTO public.municipalities (municipalitie_id, departament_id, "name", status) VALUES(946, 68, 'Cepita', true);
INSERT INTO public.municipalities (municipalitie_id, departament_id, "name", status) VALUES(947, 68, 'Cerrito', true);
INSERT INTO public.municipalities (municipalitie_id, departament_id, "name", status) VALUES(948, 68, 'Charala', true);
INSERT INTO public.municipalities (municipalitie_id, departament_id, "name", status) VALUES(949, 68, 'Charta', true);
INSERT INTO public.municipalities (municipalitie_id, departament_id, "name", status) VALUES(950, 68, 'Chima', true);
INSERT INTO public.municipalities (municipalitie_id, departament_id, "name", status) VALUES(951, 68, 'Chipata', true);
INSERT INTO public.municipalities (municipalitie_id, departament_id, "name", status) VALUES(952, 68, 'Cimitarra', true);
INSERT INTO public.municipalities (municipalitie_id, departament_id, "name", status) VALUES(953, 68, 'Concepcion', true);
INSERT INTO public.municipalities (municipalitie_id, departament_id, "name", status) VALUES(954, 68, 'Confines', true);
INSERT INTO public.municipalities (municipalitie_id, departament_id, "name", status) VALUES(955, 68, 'Contratacion', true);
INSERT INTO public.municipalities (municipalitie_id, departament_id, "name", status) VALUES(956, 68, 'Coromoro', true);
INSERT INTO public.municipalities (municipalitie_id, departament_id, "name", status) VALUES(957, 68, 'Curiti', true);
INSERT INTO public.municipalities (municipalitie_id, departament_id, "name", status) VALUES(958, 68, 'El carmen de chucuri', true);
INSERT INTO public.municipalities (municipalitie_id, departament_id, "name", status) VALUES(959, 5, 'Carolina', true);
INSERT INTO public.municipalities (municipalitie_id, departament_id, "name", status) VALUES(960, 5, 'Caucasia', true);
INSERT INTO public.municipalities (municipalitie_id, departament_id, "name", status) VALUES(961, 68, 'El guacamayo', true);
INSERT INTO public.municipalities (municipalitie_id, departament_id, "name", status) VALUES(962, 68, 'El peñon', true);
INSERT INTO public.municipalities (municipalitie_id, departament_id, "name", status) VALUES(963, 68, 'El playon', true);
INSERT INTO public.municipalities (municipalitie_id, departament_id, "name", status) VALUES(964, 68, 'Encino', true);
INSERT INTO public.municipalities (municipalitie_id, departament_id, "name", status) VALUES(965, 68, 'Enciso', true);
INSERT INTO public.municipalities (municipalitie_id, departament_id, "name", status) VALUES(966, 68, 'Florian', true);
INSERT INTO public.municipalities (municipalitie_id, departament_id, "name", status) VALUES(967, 68, 'Floridablanca', true);
INSERT INTO public.municipalities (municipalitie_id, departament_id, "name", status) VALUES(968, 68, 'Galan', true);
INSERT INTO public.municipalities (municipalitie_id, departament_id, "name", status) VALUES(969, 68, 'Gambita', true);
INSERT INTO public.municipalities (municipalitie_id, departament_id, "name", status) VALUES(970, 68, 'Giron', true);
INSERT INTO public.municipalities (municipalitie_id, departament_id, "name", status) VALUES(971, 68, 'Guaca', true);
INSERT INTO public.municipalities (municipalitie_id, departament_id, "name", status) VALUES(972, 68, 'Guadalupe', true);
INSERT INTO public.municipalities (municipalitie_id, departament_id, "name", status) VALUES(973, 68, 'Guapota', true);
INSERT INTO public.municipalities (municipalitie_id, departament_id, "name", status) VALUES(974, 68, 'Guavata', true);
INSERT INTO public.municipalities (municipalitie_id, departament_id, "name", status) VALUES(975, 68, 'Gãœepsa', true);
INSERT INTO public.municipalities (municipalitie_id, departament_id, "name", status) VALUES(976, 68, 'Hato', true);
INSERT INTO public.municipalities (municipalitie_id, departament_id, "name", status) VALUES(977, 68, 'Jesus maria', true);
INSERT INTO public.municipalities (municipalitie_id, departament_id, "name", status) VALUES(978, 68, 'Jordan', true);
INSERT INTO public.municipalities (municipalitie_id, departament_id, "name", status) VALUES(979, 68, 'La belleza', true);
INSERT INTO public.municipalities (municipalitie_id, departament_id, "name", status) VALUES(980, 68, 'La paz', true);
INSERT INTO public.municipalities (municipalitie_id, departament_id, "name", status) VALUES(981, 68, 'Landazuri', true);
INSERT INTO public.municipalities (municipalitie_id, departament_id, "name", status) VALUES(982, 68, 'Lebrija', true);
INSERT INTO public.municipalities (municipalitie_id, departament_id, "name", status) VALUES(983, 68, 'Los santos', true);
INSERT INTO public.municipalities (municipalitie_id, departament_id, "name", status) VALUES(984, 68, 'Macaravita', true);
INSERT INTO public.municipalities (municipalitie_id, departament_id, "name", status) VALUES(985, 68, 'Malaga', true);
INSERT INTO public.municipalities (municipalitie_id, departament_id, "name", status) VALUES(986, 68, 'Matanza', true);
INSERT INTO public.municipalities (municipalitie_id, departament_id, "name", status) VALUES(987, 68, 'Mogotes', true);
INSERT INTO public.municipalities (municipalitie_id, departament_id, "name", status) VALUES(988, 68, 'Molagavita', true);
INSERT INTO public.municipalities (municipalitie_id, departament_id, "name", status) VALUES(989, 68, 'Ocamonte', true);
INSERT INTO public.municipalities (municipalitie_id, departament_id, "name", status) VALUES(990, 68, 'Oiba', true);
INSERT INTO public.municipalities (municipalitie_id, departament_id, "name", status) VALUES(991, 68, 'Onzaga', true);
INSERT INTO public.municipalities (municipalitie_id, departament_id, "name", status) VALUES(992, 68, 'Palmar', true);
INSERT INTO public.municipalities (municipalitie_id, departament_id, "name", status) VALUES(993, 68, 'Palmas del socorro', true);
INSERT INTO public.municipalities (municipalitie_id, departament_id, "name", status) VALUES(994, 68, 'Paramo', true);
INSERT INTO public.municipalities (municipalitie_id, departament_id, "name", status) VALUES(995, 68, 'Piedecuesta', true);
INSERT INTO public.municipalities (municipalitie_id, departament_id, "name", status) VALUES(996, 68, 'Pinchote', true);
INSERT INTO public.municipalities (municipalitie_id, departament_id, "name", status) VALUES(997, 68, 'Puente nacional', true);
INSERT INTO public.municipalities (municipalitie_id, departament_id, "name", status) VALUES(998, 68, 'Puerto parra', true);
INSERT INTO public.municipalities (municipalitie_id, departament_id, "name", status) VALUES(999, 68, 'Puerto wilches', true);
INSERT INTO public.municipalities (municipalitie_id, departament_id, "name", status) VALUES(1000, 68, 'Rionegro', true);
INSERT INTO public.municipalities (municipalitie_id, departament_id, "name", status) VALUES(1001, 68, 'Sabana de torres', true);
INSERT INTO public.municipalities (municipalitie_id, departament_id, "name", status) VALUES(1002, 68, 'San andres', true);
INSERT INTO public.municipalities (municipalitie_id, departament_id, "name", status) VALUES(1003, 68, 'San benito', true);
INSERT INTO public.municipalities (municipalitie_id, departament_id, "name", status) VALUES(1004, 68, 'San gil', true);
INSERT INTO public.municipalities (municipalitie_id, departament_id, "name", status) VALUES(1005, 68, 'Valle de san jose', true);
INSERT INTO public.municipalities (municipalitie_id, departament_id, "name", status) VALUES(1006, 68, 'Velez', true);
INSERT INTO public.municipalities (municipalitie_id, departament_id, "name", status) VALUES(1007, 68, 'Vetas', true);
INSERT INTO public.municipalities (municipalitie_id, departament_id, "name", status) VALUES(1008, 68, 'Villanueva', true);
INSERT INTO public.municipalities (municipalitie_id, departament_id, "name", status) VALUES(1009, 68, 'Zapatoca', true);
INSERT INTO public.municipalities (municipalitie_id, departament_id, "name", status) VALUES(1010, 70, 'Buenavista', true);
INSERT INTO public.municipalities (municipalitie_id, departament_id, "name", status) VALUES(1011, 70, 'Caimito', true);
INSERT INTO public.municipalities (municipalitie_id, departament_id, "name", status) VALUES(1012, 70, 'Chalan', true);
INSERT INTO public.municipalities (municipalitie_id, departament_id, "name", status) VALUES(1013, 70, 'Coloso', true);
INSERT INTO public.municipalities (municipalitie_id, departament_id, "name", status) VALUES(1014, 70, 'Corozal', true);
INSERT INTO public.municipalities (municipalitie_id, departament_id, "name", status) VALUES(1015, 70, 'Coveñas', true);
INSERT INTO public.municipalities (municipalitie_id, departament_id, "name", status) VALUES(1016, 70, 'El roble', true);
INSERT INTO public.municipalities (municipalitie_id, departament_id, "name", status) VALUES(1017, 70, 'Galeras', true);
INSERT INTO public.municipalities (municipalitie_id, departament_id, "name", status) VALUES(1018, 70, 'Guaranda', true);
INSERT INTO public.municipalities (municipalitie_id, departament_id, "name", status) VALUES(1019, 70, 'La union', true);
INSERT INTO public.municipalities (municipalitie_id, departament_id, "name", status) VALUES(1020, 73, 'Flandes', true);
INSERT INTO public.municipalities (municipalitie_id, departament_id, "name", status) VALUES(1021, 73, 'Fresno', true);
INSERT INTO public.municipalities (municipalitie_id, departament_id, "name", status) VALUES(1022, 73, 'Guamo', true);
INSERT INTO public.municipalities (municipalitie_id, departament_id, "name", status) VALUES(1023, 73, 'Herveo', true);
INSERT INTO public.municipalities (municipalitie_id, departament_id, "name", status) VALUES(1024, 73, 'Honda', true);
INSERT INTO public.municipalities (municipalitie_id, departament_id, "name", status) VALUES(1025, 73, 'Ibague', true);
INSERT INTO public.municipalities (municipalitie_id, departament_id, "name", status) VALUES(1026, 73, 'Icononzo', true);
INSERT INTO public.municipalities (municipalitie_id, departament_id, "name", status) VALUES(1027, 73, 'Lerida', true);
INSERT INTO public.municipalities (municipalitie_id, departament_id, "name", status) VALUES(1028, 73, 'Libano', true);
INSERT INTO public.municipalities (municipalitie_id, departament_id, "name", status) VALUES(1029, 73, 'Mariquita', true);
INSERT INTO public.municipalities (municipalitie_id, departament_id, "name", status) VALUES(1030, 73, 'Melgar', true);
INSERT INTO public.municipalities (municipalitie_id, departament_id, "name", status) VALUES(1031, 73, 'Murillo', true);
INSERT INTO public.municipalities (municipalitie_id, departament_id, "name", status) VALUES(1032, 73, 'Natagaima', true);
INSERT INTO public.municipalities (municipalitie_id, departament_id, "name", status) VALUES(1033, 73, 'Ortega', true);
INSERT INTO public.municipalities (municipalitie_id, departament_id, "name", status) VALUES(1034, 73, 'Palocabildo', true);
INSERT INTO public.municipalities (municipalitie_id, departament_id, "name", status) VALUES(1035, 73, 'Piedras', true);
INSERT INTO public.municipalities (municipalitie_id, departament_id, "name", status) VALUES(1036, 73, 'Planadas', true);
INSERT INTO public.municipalities (municipalitie_id, departament_id, "name", status) VALUES(1037, 73, 'Prado', true);
INSERT INTO public.municipalities (municipalitie_id, departament_id, "name", status) VALUES(1038, 73, 'Purificacion', true);
INSERT INTO public.municipalities (municipalitie_id, departament_id, "name", status) VALUES(1039, 73, 'Rioblanco', true);
INSERT INTO public.municipalities (municipalitie_id, departament_id, "name", status) VALUES(1040, 73, 'Roncesvalles', true);
INSERT INTO public.municipalities (municipalitie_id, departament_id, "name", status) VALUES(1041, 73, 'Rovira', true);
INSERT INTO public.municipalities (municipalitie_id, departament_id, "name", status) VALUES(1042, 73, 'Saldaña', true);
INSERT INTO public.municipalities (municipalitie_id, departament_id, "name", status) VALUES(1043, 73, 'San antonio', true);
INSERT INTO public.municipalities (municipalitie_id, departament_id, "name", status) VALUES(1044, 73, 'San luis', true);
INSERT INTO public.municipalities (municipalitie_id, departament_id, "name", status) VALUES(1045, 73, 'Santa isabel', true);
INSERT INTO public.municipalities (municipalitie_id, departament_id, "name", status) VALUES(1046, 73, 'Suarez', true);
INSERT INTO public.municipalities (municipalitie_id, departament_id, "name", status) VALUES(1047, 73, 'Valle de san juan', true);
INSERT INTO public.municipalities (municipalitie_id, departament_id, "name", status) VALUES(1048, 73, 'Venadillo', true);
INSERT INTO public.municipalities (municipalitie_id, departament_id, "name", status) VALUES(1049, 73, 'Villahermosa', true);
INSERT INTO public.municipalities (municipalitie_id, departament_id, "name", status) VALUES(1050, 73, 'Villarrica', true);
INSERT INTO public.municipalities (municipalitie_id, departament_id, "name", status) VALUES(1051, 76, 'Alcala', true);
INSERT INTO public.municipalities (municipalitie_id, departament_id, "name", status) VALUES(1052, 76, 'Andalucia', true);
INSERT INTO public.municipalities (municipalitie_id, departament_id, "name", status) VALUES(1053, 76, 'Ansermanuevo', true);
INSERT INTO public.municipalities (municipalitie_id, departament_id, "name", status) VALUES(1054, 76, 'Argelia', true);
INSERT INTO public.municipalities (municipalitie_id, departament_id, "name", status) VALUES(1055, 76, 'Bolivar', true);
INSERT INTO public.municipalities (municipalitie_id, departament_id, "name", status) VALUES(1056, 76, 'Buenaventura', true);
INSERT INTO public.municipalities (municipalitie_id, departament_id, "name", status) VALUES(1057, 76, 'Bugalagrande', true);
INSERT INTO public.municipalities (municipalitie_id, departament_id, "name", status) VALUES(1058, 76, 'Caicedonia', true);
INSERT INTO public.municipalities (municipalitie_id, departament_id, "name", status) VALUES(1059, 76, 'Cali', true);
INSERT INTO public.municipalities (municipalitie_id, departament_id, "name", status) VALUES(1060, 76, 'Calima', true);
INSERT INTO public.municipalities (municipalitie_id, departament_id, "name", status) VALUES(1061, 76, 'Candelaria', true);
INSERT INTO public.municipalities (municipalitie_id, departament_id, "name", status) VALUES(1062, 76, 'Cartago', true);
INSERT INTO public.municipalities (municipalitie_id, departament_id, "name", status) VALUES(1063, 76, 'Dagua', true);
INSERT INTO public.municipalities (municipalitie_id, departament_id, "name", status) VALUES(1064, 76, 'El aguila', true);
INSERT INTO public.municipalities (municipalitie_id, departament_id, "name", status) VALUES(1065, 76, 'El cairo', true);
INSERT INTO public.municipalities (municipalitie_id, departament_id, "name", status) VALUES(1066, 76, 'El cerrito', true);
INSERT INTO public.municipalities (municipalitie_id, departament_id, "name", status) VALUES(1067, 76, 'El dovio', true);
INSERT INTO public.municipalities (municipalitie_id, departament_id, "name", status) VALUES(1068, 76, 'Florida', true);
INSERT INTO public.municipalities (municipalitie_id, departament_id, "name", status) VALUES(1069, 76, 'Ginebra', true);
INSERT INTO public.municipalities (municipalitie_id, departament_id, "name", status) VALUES(1070, 76, 'Guacari', true);
INSERT INTO public.municipalities (municipalitie_id, departament_id, "name", status) VALUES(1071, 76, 'Guadalajara de buga', true);
INSERT INTO public.municipalities (municipalitie_id, departament_id, "name", status) VALUES(1072, 76, 'Jamundi', true);
INSERT INTO public.municipalities (municipalitie_id, departament_id, "name", status) VALUES(1073, 76, 'La cumbre', true);
INSERT INTO public.municipalities (municipalitie_id, departament_id, "name", status) VALUES(1074, 76, 'La union', true);
INSERT INTO public.municipalities (municipalitie_id, departament_id, "name", status) VALUES(1075, 76, 'La victoria', true);
INSERT INTO public.municipalities (municipalitie_id, departament_id, "name", status) VALUES(1076, 76, 'Obando', true);
INSERT INTO public.municipalities (municipalitie_id, departament_id, "name", status) VALUES(1077, 76, 'Palmira', true);
INSERT INTO public.municipalities (municipalitie_id, departament_id, "name", status) VALUES(1078, 76, 'Pradera', true);
INSERT INTO public.municipalities (municipalitie_id, departament_id, "name", status) VALUES(1079, 76, 'Restrepo', true);
INSERT INTO public.municipalities (municipalitie_id, departament_id, "name", status) VALUES(1080, 76, 'Riofrio', true);
INSERT INTO public.municipalities (municipalitie_id, departament_id, "name", status) VALUES(1081, 76, 'Roldanillo', true);
INSERT INTO public.municipalities (municipalitie_id, departament_id, "name", status) VALUES(1082, 76, 'San pedro', true);
INSERT INTO public.municipalities (municipalitie_id, departament_id, "name", status) VALUES(1083, 76, 'Sevilla', true);
INSERT INTO public.municipalities (municipalitie_id, departament_id, "name", status) VALUES(1084, 76, 'Toro', true);
INSERT INTO public.municipalities (municipalitie_id, departament_id, "name", status) VALUES(1085, 76, 'Trujillo', true);
INSERT INTO public.municipalities (municipalitie_id, departament_id, "name", status) VALUES(1086, 76, 'Tulua', true);
INSERT INTO public.municipalities (municipalitie_id, departament_id, "name", status) VALUES(1087, 76, 'Ulloa', true);
INSERT INTO public.municipalities (municipalitie_id, departament_id, "name", status) VALUES(1088, 76, 'Versalles', true);
INSERT INTO public.municipalities (municipalitie_id, departament_id, "name", status) VALUES(1089, 76, 'Vijes', true);
INSERT INTO public.municipalities (municipalitie_id, departament_id, "name", status) VALUES(1090, 76, 'Yotoco', true);
INSERT INTO public.municipalities (municipalitie_id, departament_id, "name", status) VALUES(1091, 76, 'Yumbo', true);
INSERT INTO public.municipalities (municipalitie_id, departament_id, "name", status) VALUES(1092, 76, 'Zarzal', true);
INSERT INTO public.municipalities (municipalitie_id, departament_id, "name", status) VALUES(1093, 97, 'Caruru', true);
INSERT INTO public.municipalities (municipalitie_id, departament_id, "name", status) VALUES(1094, 97, 'Mitu', true);
INSERT INTO public.municipalities (municipalitie_id, departament_id, "name", status) VALUES(1095, 97, 'Pacoa', true);
INSERT INTO public.municipalities (municipalitie_id, departament_id, "name", status) VALUES(1096, 97, 'Papunaua', true);
INSERT INTO public.municipalities (municipalitie_id, departament_id, "name", status) VALUES(1097, 97, 'Taraira', true);
INSERT INTO public.municipalities (municipalitie_id, departament_id, "name", status) VALUES(1098, 97, 'Yavarate', true);
INSERT INTO public.municipalities (municipalitie_id, departament_id, "name", status) VALUES(1099, 99, 'Cumaribo', true);
INSERT INTO public.municipalities (municipalitie_id, departament_id, "name", status) VALUES(1100, 99, 'La primavera', true);
INSERT INTO public.municipalities (municipalitie_id, departament_id, "name", status) VALUES(1101, 99, 'Puerto carreño', true);
INSERT INTO public.municipalities (municipalitie_id, departament_id, "name", status) VALUES(1102, 99, 'Santa rosalia', true);
INSERT INTO public.municipalities (municipalitie_id, departament_id, "name", status) VALUES(1103, 15, 'Iza', true);
INSERT INTO public.municipalities (municipalitie_id, departament_id, "name", status) VALUES(1104, 5, 'Ciudad bolivar', true);
INSERT INTO public.municipalities (municipalitie_id, departament_id, "name", status) VALUES(1105, 5, 'Cocorna', true);
INSERT INTO public.municipalities (municipalitie_id, departament_id, "name", status) VALUES(1106, 5, 'Concepcion', true);
INSERT INTO public.municipalities (municipalitie_id, departament_id, "name", status) VALUES(1107, 5, 'Concordia', true);
INSERT INTO public.municipalities (municipalitie_id, departament_id, "name", status) VALUES(1108, 5, 'Copacabana', true);
INSERT INTO public.municipalities (municipalitie_id, departament_id, "name", status) VALUES(1109, 68, 'San joaquin', true);
INSERT INTO public.municipalities (municipalitie_id, departament_id, "name", status) VALUES(1110, 68, 'San jose de miranda', true);
INSERT INTO public.municipalities (municipalitie_id, departament_id, "name", status) VALUES(1111, 68, 'San miguel', true);
INSERT INTO public.municipalities (municipalitie_id, departament_id, "name", status) VALUES(1112, 68, 'San vicente de chucuri', true);
INSERT INTO public.municipalities (municipalitie_id, departament_id, "name", status) VALUES(1113, 68, 'Santa barbara', true);
INSERT INTO public.municipalities (municipalitie_id, departament_id, "name", status) VALUES(1114, 68, 'Santa helena del opon', true);
INSERT INTO public.municipalities (municipalitie_id, departament_id, "name", status) VALUES(1115, 68, 'Simacota', true);
INSERT INTO public.municipalities (municipalitie_id, departament_id, "name", status) VALUES(1116, 68, 'Socorro', true);
INSERT INTO public.municipalities (municipalitie_id, departament_id, "name", status) VALUES(1117, 68, 'Suaita', true);
INSERT INTO public.municipalities (municipalitie_id, departament_id, "name", status) VALUES(1118, 68, 'Sucre', true);
INSERT INTO public.municipalities (municipalitie_id, departament_id, "name", status) VALUES(1119, 68, 'Surata', true);
INSERT INTO public.municipalities (municipalitie_id, departament_id, "name", status) VALUES(2006, 68, 'Uuuiouioui', true);
INSERT INTO public.municipalities (municipalitie_id, departament_id, "name", status) VALUES(2007, 1000, 'Ciudad real', true);
INSERT INTO public.municipalities (municipalitie_id, departament_id, "name", status) VALUES(2008, 1001, 'Panama', true);

INSERT INTO currencies (currency_id, name, code, status) values
(1, 'Peso colombiano', 'COP', true),


INSERT INTO public.permissions (permission_id, slug, description, basic, status) VALUES(417, 'get:all:benefit:gym', 'Listar todos los beneficios del sistema o los beneficios de un gimnasio específico incluyendo los globales', true, true);
INSERT INTO public.permissions (permission_id, slug, description, basic, status) VALUES(418, 'get:benefit:gym', 'Obtener un beneficio específico por su ID', true, true);
INSERT INTO public.permissions (permission_id, slug, description, basic, status) VALUES(419, 'create:benefit:gym', 'Crear un nuevo beneficio asociado a un gimnasio', true, true);
INSERT INTO public.permissions (permission_id, slug, description, basic, status) VALUES(420, 'update:benefit:gym', 'Actualizar la información de un beneficio existente de un gimnasio', true, true);
INSERT INTO public.permissions (permission_id, slug, description, basic, status) VALUES(421, 'delete:benefit:gym', 'Eliminar un beneficio de forma lógica, marcando status=false sin borrar el registro', true, true);
INSERT INTO public.permissions (permission_id, slug, description, basic, status) VALUES(422, 'reset:benefit:gym', 'Restablecer un beneficio que fue eliminado lógicamente, reactivando status=true', true, true);
INSERT INTO public.permissions (permission_id, slug, description, basic, status) VALUES(423, 'force:delete:benefit:gym', 'Eliminar un beneficio de forma permanente e irreversible de la base de datos', true, true);
INSERT INTO public.permissions (permission_id, slug, description, basic, status) VALUES(424, 'get:all:country', 'Listar todos los países registrados o buscar países por coincidencia de nombre', true, true);
INSERT INTO public.permissions (permission_id, slug, description, basic, status) VALUES(425, 'get:country', 'Obtener un país específico por su ID', true, true);
INSERT INTO public.permissions (permission_id, slug, description, basic, status) VALUES(426, 'create:country', 'Crear un nuevo país en el sistema', true, true);
INSERT INTO public.permissions (permission_id, slug, description, basic, status) VALUES(427, 'update:country', 'Actualizar la información de un país existente', true, true);
INSERT INTO public.permissions (permission_id, slug, description, basic, status) VALUES(428, 'delete:country', 'Eliminar un país de forma lógica, marcando status=false sin borrar el registro', true, true);
INSERT INTO public.permissions (permission_id, slug, description, basic, status) VALUES(429, 'reset:country', 'Restablecer un país que fue eliminado lógicamente, reactivando status=true', true, true);
INSERT INTO public.permissions (permission_id, slug, description, basic, status) VALUES(430, 'force:delete:country', 'Eliminar un país de forma permanente e irreversible de la base de datos', true, true);
INSERT INTO public.permissions (permission_id, slug, description, basic, status) VALUES(431, 'get:all:currency', 'Listar todas las monedas registradas en el sistema', true, true);
INSERT INTO public.permissions (permission_id, slug, description, basic, status) VALUES(432, 'get:currency', 'Obtener una moneda específica por su ID', true, true);
INSERT INTO public.permissions (permission_id, slug, description, basic, status) VALUES(433, 'create:currency', 'Crear una nueva moneda en el sistema', true, true);
INSERT INTO public.permissions (permission_id, slug, description, basic, status) VALUES(434, 'update:currency', 'Actualizar la información de una moneda existente', true, true);
INSERT INTO public.permissions (permission_id, slug, description, basic, status) VALUES(435, 'delete:currency', 'Eliminar una moneda de forma lógica, marcando status=false sin borrar el registro', true, true);
INSERT INTO public.permissions (permission_id, slug, description, basic, status) VALUES(436, 'reset:currency', 'Restablecer una moneda que fue eliminada lógicamente, reactivando status=true', true, true);
INSERT INTO public.permissions (permission_id, slug, description, basic, status) VALUES(437, 'force:delete:currency', 'Eliminar una moneda de forma permanente e irreversible de la base de datos', true, true);
INSERT INTO public.permissions (permission_id, slug, description, basic, status) VALUES(438, 'get:all:departments', 'Listar todos los departamentos registrados en el sistema', true, true);
INSERT INTO public.permissions (permission_id, slug, description, basic, status) VALUES(439, 'get:department', 'Obtener un departamento específico por su ID', true, true);
INSERT INTO public.permissions (permission_id, slug, description, basic, status) VALUES(440, 'get:departments:for:country', 'Listar todos los departamentos que pertenecen a un país específico', true, true);
INSERT INTO public.permissions (permission_id, slug, description, basic, status) VALUES(441, 'create:department', 'Crear un nuevo departamento en el sistema', true, true);
INSERT INTO public.permissions (permission_id, slug, description, basic, status) VALUES(442, 'update:department', 'Actualizar la información de un departamento existente o restablecerlo si fue eliminado lógicamente', true, true);
INSERT INTO public.permissions (permission_id, slug, description, basic, status) VALUES(443, 'delete:department', 'Eliminar un departamento de forma lógica, marcando status=false sin borrar el registro', true, true);
INSERT INTO public.permissions (permission_id, slug, description, basic, status) VALUES(444, 'force:delete:department', 'Eliminar un departamento de forma permanente e irreversible de la base de datos', true, true);
INSERT INTO public.permissions (permission_id, slug, description, basic, status) VALUES(445, 'get:all:municipality', 'Listar todos los municipios registrados en el sistema', true, true);
INSERT INTO public.permissions (permission_id, slug, description, basic, status) VALUES(446, 'get:municipality', 'Obtener un municipio específico por su ID o listar municipios de un departamento', true, true);
INSERT INTO public.permissions (permission_id, slug, description, basic, status) VALUES(447, 'create:municipality', 'Crear un nuevo municipio en el sistema', true, true);
INSERT INTO public.permissions (permission_id, slug, description, basic, status) VALUES(448, 'update:municipality', 'Actualizar la información de un municipio existente', true, true);
INSERT INTO public.permissions (permission_id, slug, description, basic, status) VALUES(449, 'delete:municipality', 'Eliminar un municipio de forma lógica, marcando status=false sin borrar el registro', true, true);
INSERT INTO public.permissions (permission_id, slug, description, basic, status) VALUES(450, 'reset:municipality', 'Restablecer un municipio que fue eliminado lógicamente, reactivando status=true', true, true);
INSERT INTO public.permissions (permission_id, slug, description, basic, status) VALUES(451, 'force:delete:municipality', 'Eliminar un municipio de forma permanente e irreversible de la base de datos', true, true);
INSERT INTO public.permissions (permission_id, slug, description, basic, status) VALUES(452, 'get:all:gym', 'Listar todos los gimnasios del sistema con paginación y filtro de búsqueda por nombre o NIT', true, true);
INSERT INTO public.permissions (permission_id, slug, description, basic, status) VALUES(453, 'get:gym', 'Obtener un gimnasio específico por su ID con todos sus datos detallados', true, true);
INSERT INTO public.permissions (permission_id, slug, description, basic, status) VALUES(454, 'gym:read', 'Buscar gimnasios por coincidencia parcial de nombre para selección rápida', true, true);
INSERT INTO public.permissions (permission_id, slug, description, basic, status) VALUES(455, 'create:gym', 'Crear un nuevo gimnasio en el sistema incluyendo la carga del logo como multipart', true, true);
INSERT INTO public.permissions (permission_id, slug, description, basic, status) VALUES(456, 'update:gym', 'Actualizar la información de un gimnasio existente, con o sin actualización del logo', true, true);
INSERT INTO public.permissions (permission_id, slug, description, basic, status) VALUES(457, 'delete:gym', 'Eliminar un gimnasio de forma lógica, marcando status=false sin borrar el registro', true, true);
INSERT INTO public.permissions (permission_id, slug, description, basic, status) VALUES(458, 'reset:gym', 'Restablecer un gimnasio que fue eliminado lógicamente, reactivando status=true', true, true);
INSERT INTO public.permissions (permission_id, slug, description, basic, status) VALUES(459, 'force:delete:gym', 'Eliminar un gimnasio de forma permanente e irreversible de la base de datos', true, true);
INSERT INTO public.permissions (permission_id, slug, description, basic, status) VALUES(460, 'get:status:subscription:gym', 'Consultar el estado actual de la suscripción comercial o SaaS de un gimnasio, o el estado de una orden de pago específica', true, true);
INSERT INTO public.permissions (permission_id, slug, description, basic, status) VALUES(461, 'get:history:subscription:gym', 'Consultar el historial completo de suscripciones comerciales de un gimnasio', true, true);
INSERT INTO public.permissions (permission_id, slug, description, basic, status) VALUES(462, 'create:subscription:gym', 'Registrar una nueva suscripción comercial para un gimnasio, gestionada internamente por el administrador del sistema', true, true);
INSERT INTO public.permissions (permission_id, slug, description, basic, status) VALUES(463, 'update:subscription:gym', 'Actualizar los datos de un registro de suscripción comercial existente de un gimnasio', true, true);
INSERT INTO public.permissions (permission_id, slug, description, basic, status) VALUES(464, 'get:all:plan:saas', 'Listar los planes SaaS disponibles para que un gimnasio explore y seleccione antes de suscribirse', true, true);
INSERT INTO public.permissions (permission_id, slug, description, basic, status) VALUES(465, 'subscribe:gym:saas', 'Suscribir un gimnasio a un plan SaaS con pago recurrente vía Stripe usando un paymentMethodId obtenido con Stripe.js', true, true);
INSERT INTO public.permissions (permission_id, slug, description, basic, status) VALUES(466, 'cancel:subscription:saas:gym', 'Cancelar la suscripción SaaS activa de un gimnasio de forma inmediata o al finalizar el período ya pagado', true, true);
INSERT INTO public.permissions (permission_id, slug, description, basic, status) VALUES(467, 'get:payment:method:gym', 'Listar los métodos de pago (tarjetas) registrados en Stripe para un gimnasio', true, true);
INSERT INTO public.permissions (permission_id, slug, description, basic, status) VALUES(468, 'create:payment:method:gym', 'Agregar un nuevo método de pago al gimnasio en Stripe y establecerlo como predeterminado para cobros automáticos', true, true);
INSERT INTO public.permissions (permission_id, slug, description, basic, status) VALUES(469, 'default:payment:method:gym', 'Establecer un método de pago existente del gimnasio como predeterminado para los cobros automáticos de Stripe', true, true);
INSERT INTO public.permissions (permission_id, slug, description, basic, status) VALUES(470, 'delete:payment:method:gym', 'Eliminar un método de pago del gimnasio en Stripe, no permite eliminar la tarjeta predeterminada activa', true, true);
INSERT INTO public.permissions (permission_id, slug, description, basic, status) VALUES(471, 'get:all:membership', 'Listar todas las membresías del sistema con sus beneficios y precios asociados', true, true);
INSERT INTO public.permissions (permission_id, slug, description, basic, status) VALUES(472, 'get:membership:gym', 'Listar todas las membresías de un gimnasio específico con sus beneficios incluidos', true, true);
INSERT INTO public.permissions (permission_id, slug, description, basic, status) VALUES(473, 'get:membership', 'Obtener una membresía específica por su ID con todos sus datos', true, true);
INSERT INTO public.permissions (permission_id, slug, description, basic, status) VALUES(474, 'createmembership:gym', 'Crear una nueva membresía en un gimnasio con su configuración de beneficios y precio', true, true);
INSERT INTO public.permissions (permission_id, slug, description, basic, status) VALUES(475, 'membership:gym:update', 'Actualizar la información, beneficios o precio de una membresía existente de un gimnasio', true, true);
INSERT INTO public.permissions (permission_id, slug, description, basic, status) VALUES(476, 'membership:gym:delete', 'Eliminar una membresía de un gimnasio de forma lógica, marcando status=false sin borrar el registro', true, true);
INSERT INTO public.permissions (permission_id, slug, description, basic, status) VALUES(477, 'membership:gym:reset', 'Restablecer una membresía de un gimnasio que fue eliminada lógicamente, reactivando status=true', true, true);
INSERT INTO public.permissions (permission_id, slug, description, basic, status) VALUES(478, 'membership:gym:force_delete', 'Eliminar una membresía de un gimnasio de forma permanente e irreversible de la base de datos', true, true);
INSERT INTO public.permissions (permission_id, slug, description, basic, status) VALUES(479, 'assign:membership:gym', 'Asignar una membresía específica a un usuario de un gimnasio, creando la relación user_gym_membership', true, true);
INSERT INTO public.permissions (permission_id, slug, description, basic, status) VALUES(480, 'list:membership:users', 'Listar todas las membresías asignadas a un usuario en un gimnasio específico con sus detalles completos', true, true);
INSERT INTO public.permissions (permission_id, slug, description, basic, status) VALUES(481, 'get:membership:coach', 'Listar asignaciones de entrenadores a membresías por gimnasio, por entrenador específico o consultar una asignación por ID', true, true);
INSERT INTO public.permissions (permission_id, slug, description, basic, status) VALUES(482, 'assign:membership:coach', 'Asignar un entrenador a una membresía de un gimnasio para gestionar el seguimiento y evaluación de usuarios', true, true);
INSERT INTO public.permissions (permission_id, slug, description, basic, status) VALUES(483, 'delete:membership:coach', 'Eliminar lógicamente una asignación de entrenador a una membresía, marcando status=false', true, true);
INSERT INTO public.permissions (permission_id, slug, description, basic, status) VALUES(484, 'reset:membership:coach', 'Restablecer una asignación de entrenador a membresía que fue eliminada lógicamente', true, true);
INSERT INTO public.permissions (permission_id, slug, description, basic, status) VALUES(485, 'force:delete:membership:coach', 'Eliminar de forma permanente una asignación de entrenador a una membresía de la base de datos', true, true);
INSERT INTO public.permissions (permission_id, slug, description, basic, status) VALUES(486, 'get:active:user:membership:rating', 'Listar los usuarios con membresía activa asignados a un entrenador específico para poder realizarles evaluaciones', true, true);
INSERT INTO public.permissions (permission_id, slug, description, basic, status) VALUES(487, 'view:results:membership:rating', 'Listar todas las evaluaciones realizadas a un usuario en una membresía asignada específica', true, true);
INSERT INTO public.permissions (permission_id, slug, description, basic, status) VALUES(488, 'create:membership:rating', 'Crear una nueva evaluación física o de progreso para un usuario en su membresía asignada', true, true);
INSERT INTO public.permissions (permission_id, slug, description, basic, status) VALUES(489, 'delete:membership:rating', 'Eliminar de forma permanente una evaluación de membresía de la base de datos', true, true);
INSERT INTO public.permissions (permission_id, slug, description, basic, status) VALUES(490, 'get:result:membership:user:gym', 'Consultar el resultado final consolidado de una membresía asignada a un usuario del gimnasio', true, true);
INSERT INTO public.permissions (permission_id, slug, description, basic, status) VALUES(491, 'calculate:membership:result', 'Calcular automáticamente el resultado de una membresía tomando como base las evaluaciones registradas por el entrenador', true, true);
INSERT INTO public.permissions (permission_id, slug, description, basic, status) VALUES(492, 'create:membership:result', 'Crear o actualizar manualmente el resultado consolidado de una membresía asignada a un usuario', true, true);
INSERT INTO public.permissions (permission_id, slug, description, basic, status) VALUES(493, 'get:all:products:gym', 'Listar todos los productos de un gimnasio con paginación', true, true);
INSERT INTO public.permissions (permission_id, slug, description, basic, status) VALUES(494, 'get:product:gym', 'Obtener un producto específico de un gimnasio por su ID', true, true);
INSERT INTO public.permissions (permission_id, slug, description, basic, status) VALUES(495, 'get:all:product:gym', 'Buscar productos de un gimnasio por coincidencia parcial de nombre', true, true);
INSERT INTO public.permissions (permission_id, slug, description, basic, status) VALUES(496, 'create:product:gym', 'Crear un nuevo producto para un gimnasio con su categoría, descripción y precio', true, true);
INSERT INTO public.permissions (permission_id, slug, description, basic, status) VALUES(497, 'update:product:gym', 'Actualizar la información de un producto existente de un gimnasio', true, true);
INSERT INTO public.permissions (permission_id, slug, description, basic, status) VALUES(498, 'delete:product:gym', 'Eliminar un producto de un gimnasio de forma lógica, marcando status=false sin borrar el registro', true, true);
INSERT INTO public.permissions (permission_id, slug, description, basic, status) VALUES(499, 'reset:product:gym', 'Restablecer un producto de un gimnasio que fue eliminado lógicamente, reactivando status=true', true, true);
INSERT INTO public.permissions (permission_id, slug, description, basic, status) VALUES(500, 'force:delete:product:gym', 'Eliminar un producto de un gimnasio de forma permanente e irreversible de la base de datos', true, true);
INSERT INTO public.permissions (permission_id, slug, description, basic, status) VALUES(501, 'get:all:product:category', 'Listar todas las categorías de productos del sistema o buscar categorías por nombre', true, true);
INSERT INTO public.permissions (permission_id, slug, description, basic, status) VALUES(502, 'get:product:category', 'Obtener una categoría de producto específica por su ID', true, true);
INSERT INTO public.permissions (permission_id, slug, description, basic, status) VALUES(503, 'create:product:category', 'Crear una nueva categoría de producto en el sistema', true, true);
INSERT INTO public.permissions (permission_id, slug, description, basic, status) VALUES(504, 'update:product:category', 'Actualizar el nombre o descripción de una categoría de producto existente', true, true);
INSERT INTO public.permissions (permission_id, slug, description, basic, status) VALUES(505, 'delete:product:category', 'Eliminar una categoría de producto de forma lógica, marcando status=false sin borrar el registro', true, true);
INSERT INTO public.permissions (permission_id, slug, description, basic, status) VALUES(506, 'reset:product:category', 'Restablecer una categoría de producto que fue eliminada lógicamente, reactivando status=true', true, true);
INSERT INTO public.permissions (permission_id, slug, description, basic, status) VALUES(507, 'force:delete:product:category', 'Eliminar una categoría de producto de forma permanente e irreversible de la base de datos', true, true);
INSERT INTO public.permissions (permission_id, slug, description, basic, status) VALUES(508, 'get:all:roles', 'Listar todos los roles del sistema con paginación, opcionalmente filtrados por gymId', true, true);
INSERT INTO public.permissions (permission_id, slug, description, basic, status) VALUES(509, 'get:all:roles:gym', 'Listar los roles asociados a un gimnasio más los roles universales (gymId null) con sus permisos incluidos', true, true);
INSERT INTO public.permissions (permission_id, slug, description, basic, status) VALUES(510, 'get:roles:and:permissions:user:gym', 'Consultar todos los roles y permisos efectivos asignados a un usuario en un gimnasio específico', true, true);
INSERT INTO public.permissions (permission_id, slug, description, basic, status) VALUES(511, 'get:role:gym', 'Obtener un rol específico por su ID con la lista completa de permisos asociados', true, true);
INSERT INTO public.permissions (permission_id, slug, description, basic, status) VALUES(512, 'search:role:for:name', 'Buscar un rol por coincidencia exacta de nombre', true, true);
INSERT INTO public.permissions (permission_id, slug, description, basic, status) VALUES(513, 'create:role:gym', 'Crear un nuevo rol en un gimnasio y asignarle los permisos correspondientes', true, true);
INSERT INTO public.permissions (permission_id, slug, description, basic, status) VALUES(514, 'update:role:gym', 'Actualizar el nombre, permisos y configuración de un rol existente de un gimnasio', true, true);
INSERT INTO public.permissions (permission_id, slug, description, basic, status) VALUES(515, 'delete:role:gym', 'Eliminar lógicamente un rol de un gimnasio, marcando status=false sin borrar el registro', true, true);
INSERT INTO public.permissions (permission_id, slug, description, basic, status) VALUES(516, 'force:delete:role:gym', 'Eliminar de forma permanente un rol de un gimnasio de la base de datos', true, true);
INSERT INTO public.permissions (permission_id, slug, description, basic, status) VALUES(518, 'get:all:sexo', 'Listar todos los tipos de sexo registrados en el sistema', true, true);
INSERT INTO public.permissions (permission_id, slug, description, basic, status) VALUES(519, 'get:sexo', 'Obtener un tipo de sexo específico por su ID', true, true);
INSERT INTO public.permissions (permission_id, slug, description, basic, status) VALUES(520, 'create:sexo', 'Crear un nuevo tipo de sexo en el sistema', true, true);
INSERT INTO public.permissions (permission_id, slug, description, basic, status) VALUES(521, 'update:sexo', 'Actualizar la información de un tipo de sexo existente', true, true);
INSERT INTO public.permissions (permission_id, slug, description, basic, status) VALUES(522, 'delete:sexo', 'Eliminar un tipo de sexo de forma lógica, marcando status=false sin borrar el registro', true, true);
INSERT INTO public.permissions (permission_id, slug, description, basic, status) VALUES(523, 'reset:sexo', 'Restablecer un tipo de sexo que fue eliminado lógicamente, reactivando status=true', true, true);
INSERT INTO public.permissions (permission_id, slug, description, basic, status) VALUES(524, 'force:delete:sexo', 'Eliminar un tipo de sexo de forma permanente e irreversible de la base de datos', true, true);
INSERT INTO public.permissions (permission_id, slug, description, basic, status) VALUES(525, 'list:all:type:documents', 'Listar todos los tipos de documento de identidad registrados en el sistema', true, true);
INSERT INTO public.permissions (permission_id, slug, description, basic, status) VALUES(526, 'get:type:document', 'Obtener un tipo de documento de identidad específico por su ID', true, true);
INSERT INTO public.permissions (permission_id, slug, description, basic, status) VALUES(527, 'create:type:document', 'Crear un nuevo tipo de documento de identidad en el sistema', true, true);
INSERT INTO public.permissions (permission_id, slug, description, basic, status) VALUES(528, 'update:type:document', 'Actualizar la información de un tipo de documento existente', true, true);
INSERT INTO public.permissions (permission_id, slug, description, basic, status) VALUES(529, 'delete:type:document', 'Eliminar un tipo de documento de forma lógica, marcando status=false sin borrar el registro', true, true);
INSERT INTO public.permissions (permission_id, slug, description, basic, status) VALUES(530, 'reset:type:document', 'Restablecer un tipo de documento que fue eliminado lógicamente, reactivando status=true', true, true);
INSERT INTO public.permissions (permission_id, slug, description, basic, status) VALUES(531, 'force:delete:type:document', 'Eliminar un tipo de documento de forma permanente e irreversible de la base de datos', true, true);
INSERT INTO public.permissions (permission_id, slug, description, basic, status) VALUES(532, 'user:read', 'Listar personas de forma paginada, obtener una persona por ID o verificar si un número de documento ya está registrado en el sistema', true, true);
INSERT INTO public.permissions (permission_id, slug, description, basic, status) VALUES(533, 'user:create', 'Crear un nuevo registro de persona en el sistema con sus datos personales como nombre, documento, sexo y fecha de nacimiento', true, true);
INSERT INTO public.permissions (permission_id, slug, description, basic, status) VALUES(534, 'user:update', 'Actualizar los datos personales de una persona existente o restablecerla si fue eliminada lógicamente', true, true);
INSERT INTO public.permissions (permission_id, slug, description, basic, status) VALUES(535, 'user:delete', 'Eliminar lógica o físicamente un registro de persona del sistema', true, true);
INSERT INTO public.permissions (permission_id, slug, description, basic, status) VALUES(536, 'create:user:gym', 'Registrar un usuario nuevo con sus datos y relacionarlo a uno o varios gimnasios con roles asignados, o registrar solo la relación si el usuario ya existe', true, true);
INSERT INTO public.permissions (permission_id, slug, description, basic, status) VALUES(537, 'relation:user:gym', 'Relacionar un usuario existente buscado por número de documento a uno o varios gimnasios, asignándole roles en cada relación', true, true);
INSERT INTO public.permissions (permission_id, slug, description, basic, status) VALUES(538, 'get:all:users:gym', 'Listar todos los usuarios de un gimnasio con sus datos personales, con paginación y búsqueda por nombre o número de documento', true, true);
INSERT INTO public.permissions (permission_id, slug, description, basic, status) VALUES(539, 'list:all:coach:gym', 'Listar todos los usuarios de un gimnasio que tienen el rol de Entrenador, con filtro opcional por nombre o documento', true, true);
INSERT INTO public.permissions (permission_id, slug, description, basic, status) VALUES(540, 'get:all:users', 'Listar todos los usuarios del sistema sin filtrar por gimnasio, vista administrativa global sin restricción de gym', true, true);
INSERT INTO public.permissions (permission_id, slug, description, basic, status) VALUES(541, 'get:user', 'Obtener los datos completos de un usuario específico del sistema por su ID', true, true);
INSERT INTO public.permissions (permission_id, slug, description, basic, status) VALUES(542, 'delete:user', 'Eliminar un usuario del sistema de forma permanente', true, true);
INSERT INTO public.permissions (permission_id, slug, description, basic, status) VALUES(543, 'delete:user:gym', 'Eliminar lógicamente la relación de un usuario con un gimnasio, marcando users_gyms.status=false sin borrar el registro', true, true);
INSERT INTO public.permissions (permission_id, slug, description, basic, status) VALUES(544, 'reset:user:gym', 'Restablecer la relación de un usuario con un gimnasio que fue eliminada lógicamente, reactivando users_gyms.status=true', true, true);
INSERT INTO public.permissions (permission_id, slug, description, basic, status) VALUES(545, 'get:all:permission', 'Listar todos los permisos del sistema con paginación o buscar permisos por slug o descripción', true, true);
INSERT INTO public.permissions (permission_id, slug, description, basic, status) VALUES(546, 'get:permission', 'Obtener un permiso específico del sistema por su ID', true, true);
INSERT INTO public.permissions (permission_id, slug, description, basic, status) VALUES(547, 'create:permission', 'Crear un nuevo permiso en el sistema con slug único y descripción detallada', true, true);
INSERT INTO public.permissions (permission_id, slug, description, basic, status) VALUES(548, 'update:permission', 'Actualizar el slug, descripción o estado de un permiso existente del sistema', true, true);
INSERT INTO public.permissions (permission_id, slug, description, basic, status) VALUES(549, 'delete:permission', 'Eliminar un permiso del sistema de forma lógica, marcando status=false sin borrar el registro', true, true);
INSERT INTO public.permissions (permission_id, slug, description, basic, status) VALUES(550, 'reset:permission', 'Restablecer un permiso del sistema que fue eliminado lógicamente, reactivando status=true', true, true);
INSERT INTO public.permissions (permission_id, slug, description, basic, status) VALUES(551, 'force:delete:permission', 'Eliminar un permiso del sistema de forma permanente e irreversible de la base de datos', true, true);
INSERT INTO public.permissions (permission_id, slug, description, basic, status) VALUES(552, 'get:all:features:saas', 'Listar todas las características (features) disponibles que pueden ser asignadas a los planes SaaS del sistema', true, true);
INSERT INTO public.permissions (permission_id, slug, description, basic, status) VALUES(553, 'get:features:saas', 'Obtener una característica SaaS específica por su ID con todos sus datos', true, true);
INSERT INTO public.permissions (permission_id, slug, description, basic, status) VALUES(554, 'create:features:saas', 'Crear una nueva característica SaaS que podrá ser incluida en los planes disponibles', true, true);
INSERT INTO public.permissions (permission_id, slug, description, basic, status) VALUES(555, 'update:features:saas', 'Actualizar el nombre, descripción o estado de una característica SaaS existente', true, true);
INSERT INTO public.permissions (permission_id, slug, description, basic, status) VALUES(556, 'delete:features:saas', 'Eliminar una característica SaaS de forma lógica, marcando status=false sin borrar el registro', true, true);
INSERT INTO public.permissions (permission_id, slug, description, basic, status) VALUES(557, 'reset:features:saas', 'Restablecer una característica SaaS que fue eliminada lógicamente, reactivando status=true', true, true);
INSERT INTO public.permissions (permission_id, slug, description, basic, status) VALUES(558, 'force:delete:features:saas', 'Eliminar una característica SaaS de forma permanente e irreversible de la base de datos', true, true);
INSERT INTO public.permissions (permission_id, slug, description, basic, status) VALUES(559, 'get:all:plans:saas', 'Listar todos los planes SaaS disponibles en el sistema con sus características y precios asociados', true, true);
INSERT INTO public.permissions (permission_id, slug, description, basic, status) VALUES(560, 'get:plans:saas', 'Obtener un plan SaaS específico por su ID con sus características, precio y configuración de Stripe', true, true);
INSERT INTO public.permissions (permission_id, slug, description, basic, status) VALUES(561, 'create:plans:saas', 'Crear un nuevo plan SaaS con precio, características incluidas y configuración del producto en Stripe', true, true);
INSERT INTO public.permissions (permission_id, slug, description, basic, status) VALUES(562, 'update:plans:saas', 'Actualizar la información, precio o características de un plan SaaS existente', true, true);
INSERT INTO public.permissions (permission_id, slug, description, basic, status) VALUES(563, 'delete:plans:saas', 'Eliminar un plan SaaS de forma lógica, marcando status=false sin borrar el registro', true, true);
INSERT INTO public.permissions (permission_id, slug, description, basic, status) VALUES(564, 'reset:plans:saas', 'Restablecer un plan SaaS que fue eliminado lógicamente, reactivando status=true', true, true);
INSERT INTO public.permissions (permission_id, slug, description, basic, status) VALUES(565, 'force:delete:plan:saas', 'Eliminar un plan SaaS de forma permanente e irreversible de la base de datos', true, true);
INSERT INTO public.permissions (permission_id, slug, description, basic, status) VALUES(566, 'view:my-memberships', 'Puede ver la vista de sus propias membresías asignadas', true, true);
INSERT INTO public.permissions (permission_id, slug, description, basic, status) VALUES(567, 'view:memberships', 'Puede ver la vista de planes de membresías del gimnasio', true, true);
INSERT INTO public.permissions (permission_id, slug, description, basic, status) VALUES(568, 'view:memberships-users', 'Puede ver la vista de asignación de membresías a usuarios del gimnasio', true, true);
INSERT INTO public.permissions (permission_id, slug, description, basic, status) VALUES(569, 'view:my-membership-history', 'Puede ver la vista del historial personal de membresías del usuario', true, true);
INSERT INTO public.permissions (permission_id, slug, description, basic, status) VALUES(570, 'view:benefits', 'Puede ver la vista de gestión de beneficios del gimnasio', true, true);
INSERT INTO public.permissions (permission_id, slug, description, basic, status) VALUES(571, 'view:users-gym', 'Puede ver la vista de gestión de usuarios del gimnasio', true, true);
INSERT INTO public.permissions (permission_id, slug, description, basic, status) VALUES(572, 'view:training-coaches', 'Puede ver la vista de asignación de entrenadores a membresías del gimnasio', true, true);
INSERT INTO public.permissions (permission_id, slug, description, basic, status) VALUES(573, 'view:evaluations', 'Puede ver la vista de evaluaciones físicas de los usuarios del gimnasio', true, true);
INSERT INTO public.permissions (permission_id, slug, description, basic, status) VALUES(574, 'view:stats', 'Puede ver la vista de estadísticas de progreso de los miembros del gimnasio', true, true);
INSERT INTO public.permissions (permission_id, slug, description, basic, status) VALUES(575, 'view:gyms', 'Puede ver la vista de gestión de gimnasios', true, true);
INSERT INTO public.permissions (permission_id, slug, description, basic, status) VALUES(576, 'view:sexos', 'Puede ver la vista de gestión de tipos de sexo', true, true);
INSERT INTO public.permissions (permission_id, slug, description, basic, status) VALUES(577, 'view:type-documents', 'Puede ver la vista de gestión de tipos de documento de identidad', true, true);
INSERT INTO public.permissions (permission_id, slug, description, basic, status) VALUES(578, 'view:municipalities', 'Puede ver la vista de gestión de municipios', true, true);
INSERT INTO public.permissions (permission_id, slug, description, basic, status) VALUES(579, 'view:countries', 'Puede ver la vista de gestión de países', true, true);
INSERT INTO public.permissions (permission_id, slug, description, basic, status) VALUES(580, 'view:currencies', 'Puede ver la vista de gestión de monedas', true, true);
INSERT INTO public.permissions (permission_id, slug, description, basic, status) VALUES(581, 'view:roles', 'Puede ver la vista de gestión de roles y sus permisos asociados', true, true);
INSERT INTO public.permissions (permission_id, slug, description, basic, status) VALUES(582, 'view:permissions', 'Puede ver la vista de gestión de permisos del sistema', true, true);
INSERT INTO public.permissions (permission_id, slug, description, basic, status) VALUES(583, 'view:products-gym', 'Puede ver la vista de gestión de productos del gimnasio', true, true);
INSERT INTO public.permissions (permission_id, slug, description, basic, status) VALUES(584, 'view:product-categories', 'Puede ver la vista de gestión de categorías de productos', true, true);
INSERT INTO public.permissions (permission_id, slug, description, basic, status) VALUES(585, 'view:saas', 'Puede ver la vista de planes SaaS disponibles, estado de suscripción activa y métodos de pago del gimnasio', true, true);
INSERT INTO public.permissions (permission_id, slug, description, basic, status) VALUES(586, 'view:saas-admin', 'Puede ver la vista de administración de planes y características SaaS del sistema', true, true);
INSERT INTO public.permissions (permission_id, slug, description, basic, status) VALUES(590, 'force:delete:user:gym', 'Eliminar un usuario nuevo con sus datos y relacionarlo a uno o varios gimnasios con roles asignados, o registrar solo la relación si el usuario ya existe', true, true);
INSERT INTO public.permissions (permission_id, slug, description, basic, status) VALUES(591, 'edit:user:gym', 'Editar un usuario nuevo con sus datos y relacionarlo a uno o varios gimnasios con roles asignados, o registrar solo la relación si el usuario ya existe', true, true);
INSERT INTO public.permissions (permission_id, slug, description, basic, status) VALUES(592, 'client:dashboard:view', 'Permite ver el dashboard de clientes', true, true);
INSERT INTO public.permissions (permission_id, slug, description, basic, status) VALUES(593, 'gym:dashboard:view', 'Puede ver la info en el dashboard del gimnacio activo', true, true);
INSERT INTO public.permissions (permission_id, slug, description, basic, status) VALUES(594, 'create:sale:gym', 'Permite ver la vista y generar ventas de los productos', true, true);
INSERT INTO public.permissions (permission_id, slug, description, basic, status) VALUES(595, 'get:sales:history:gym', 'Lista ventas del gym con filtro por fecha', true, true);
INSERT INTO public.permissions (permission_id, slug, description, basic, status) VALUES(596, 'get:sale:gym', 'Obtener venta por ID', true, true);
INSERT INTO public.permissions (permission_id, slug, description, basic, status) VALUES(597, 'gym:devices:view', 'Permite ver la vista para agregar dispositivos de accesos', true, true);
INSERT INTO public.permissions (permission_id, slug, description, basic, status) VALUES(598, 'transfer:permissions:role', 'Permite transferir permisos de un rol a otro dentro del mismo gimnasio', true, true);
INSERT INTO public.permissions (permission_id, slug, description, basic, status) VALUES(517, 'reset:role:gym', 'Restablecer un rol de un gimnasio que fue eliminado lógicamente', true, true);


INSERT INTO public.benefits (benefit_id, "name", description, status, gym_id) VALUES(5, 'Uso de máquinas', 'Acceso a máquinas de cardio y musculación', true, NULL);
INSERT INTO public.benefits (benefit_id, "name", description, status, gym_id) VALUES(6, 'Pesas libres', 'Uso de pesas libres para entrenamiento', true, NULL);
INSERT INTO public.benefits (benefit_id, "name", description, status, gym_id) VALUES(7, 'Vestidores y duchas', 'Acceso a vestidores y duchas', true, NULL);
INSERT INTO public.benefits (benefit_id, "name", description, status, gym_id) VALUES(8, 'Horarios amplios', 'Acceso en horarios extendidos (algunos 24/7)', true, NULL);
INSERT INTO public.benefits (benefit_id, "name", description, status, gym_id) VALUES(9, 'Rutina personalizada', 'Rutinas adaptadas a las necesidades del usuario', true, NULL);
INSERT INTO public.benefits (benefit_id, "name", description, status, gym_id) VALUES(10, 'Evaluación física inicial', 'Evaluación inicial para determinar condición física', true, NULL);
INSERT INTO public.benefits (benefit_id, "name", description, status, gym_id) VALUES(11, 'Seguimiento de progreso', 'Monitoreo y registro del progreso del usuario', true, NULL);
INSERT INTO public.benefits (benefit_id, "name", description, status, gym_id) VALUES(12, 'Clases grupales', 'Acceso a clases como zumba, spinning, HIIT, yoga', true, NULL);
INSERT INTO public.benefits (benefit_id, "name", description, status, gym_id) VALUES(13, 'Asesoría de entrenadores', 'Guía y soporte de entrenadores profesionales', true, NULL);
INSERT INTO public.benefits (benefit_id, "name", description, status, gym_id) VALUES(14, 'Plan nutricional', 'Plan nutricional personalizado o asesoría alimenticia', true, NULL);
INSERT INTO public.benefits (benefit_id, "name", description, status, gym_id) VALUES(15, 'Acceso a nutricionista', 'Consulta con nutricionista', true, NULL);
INSERT INTO public.benefits (benefit_id, "name", description, status, gym_id) VALUES(16, 'Masajes deportivos', 'Acceso a masajes para recuperación muscular', true, NULL);
INSERT INTO public.benefits (benefit_id, "name", description, status, gym_id) VALUES(17, 'Sauna o turco', 'Acceso a sauna o baño turco', true, NULL);
INSERT INTO public.benefits (benefit_id, "name", description, status, gym_id) VALUES(18, 'Programas fitness', 'Programas de pérdida de peso o ganancia muscular', true, NULL);
INSERT INTO public.benefits (benefit_id, "name", description, status, gym_id) VALUES(19, 'App de entrenamiento', 'Aplicación para registrar y seguir rutinas', true, NULL);
INSERT INTO public.benefits (benefit_id, "name", description, status, gym_id) VALUES(20, 'Registro digital', 'Monitoreo digital del progreso', true, NULL);
INSERT INTO public.benefits (benefit_id, "name", description, status, gym_id) VALUES(21, 'Acceso con QR o huella', 'Ingreso mediante código QR o biometría', true, NULL);
INSERT INTO public.benefits (benefit_id, "name", description, status, gym_id) VALUES(22, 'Integración con smartwatch', 'Conexión con dispositivos inteligentes', true, NULL);
INSERT INTO public.benefits (benefit_id, "name", description, status, gym_id) VALUES(23, 'Entrenador personal', 'Entrenador personal incluido', true, NULL);
INSERT INTO public.benefits (benefit_id, "name", description, status, gym_id) VALUES(24, 'Zona VIP', 'Acceso a zonas exclusivas del gimnasio', true, NULL);
INSERT INTO public.benefits (benefit_id, "name", description, status, gym_id) VALUES(25, 'Clases privadas', 'Entrenamientos personalizados privados', true, NULL);
INSERT INTO public.benefits (benefit_id, "name", description, status, gym_id) VALUES(26, 'Acceso a múltiples sedes', 'Uso de diferentes sucursales del gimnasio', true, NULL);
INSERT INTO public.benefits (benefit_id, "name", description, status, gym_id) VALUES(27, 'Descuentos en tienda', 'Descuentos en suplementos y productos', true, NULL);
INSERT INTO public.benefits (benefit_id, "name", description, status, gym_id) VALUES(28, 'Programa de referidos', 'Beneficios por invitar amigos', true, NULL);
INSERT INTO public.benefits (benefit_id, "name", description, status, gym_id) VALUES(29, 'Eventos fitness', 'Participación en retos y eventos del gimnasio', true, NULL);
INSERT INTO public.benefits (benefit_id, "name", description, status, gym_id) VALUES(30, 'Kit de bienvenida', 'Incluye camiseta, botella u otros accesorios', true, NULL);
INSERT INTO public.benefits (benefit_id, "name", description, status, gym_id) VALUES(31, 'Congelación de membresía', 'Posibilidad de pausar la membresía temporalmente', true, NULL);
INSERT INTO public.benefits (benefit_id, "name", description, status, gym_id) VALUES(4, 'Acceso a las instalaciones', 'Acceso completo a todas las instalaciones del gimnasio', true, 1);


INSERT INTO public.saas_features (saas_feature_id, code, description, feature_type, "name", status) VALUES(1, 'BIOMETRIC_ACCESS', 'Permite que los usuarios de un gimnasio puedan acceder a las instalaciones usando su huella digital', 'MODULE', 'Acceso con biometria', true);
INSERT INTO public.saas_features (saas_feature_id, code, description, feature_type, "name", status) VALUES(4, 'MAX_USERS', 'Maximo de usuarios', 'LIMIT', 'Maximo de usuarios', true);
INSERT INTO public.saas_features (saas_feature_id, code, description, feature_type, "name", status) VALUES(3, 'DESKTOP_APP', 'Acceso al programa para (Windows/MacOS)', 'TEXT', 'Acceso al programa para (Windows/MacOS)', true);
INSERT INTO public.saas_features (saas_feature_id, code, description, feature_type, "name", status) VALUES(2, 'WEB_ACCESS', 'Acceso al sistema web', 'MODULE', 'Acceso al sistema web', true);
INSERT INTO public.saas_features (saas_feature_id, code, description, feature_type, "name", status) VALUES(5, 'CUSTOM_ROLES', 'Roles personalizados para el gimnasio', 'MODULE', 'Roles personalizados', true);
INSERT INTO public.saas_features (saas_feature_id, code, description, feature_type, "name", status) VALUES(8, 'ADVANCED_REPORTS', 'Permite generar reportes de inventarios', 'MODULE', 'Reportes de inventarios', true);
INSERT INTO public.saas_features (saas_feature_id, code, description, feature_type, "name", status) VALUES(6, 'BARCODE_ACCESS', 'Permite vender productos con scaners de codigos de barra', 'MODULE', 'Venta de productos con scaners de codigos de barra', true);
INSERT INTO public.saas_features (saas_feature_id, code, description, feature_type, "name", status) VALUES(7, 'INVENTORY_CONTROL', 'Permite gestionar inventarios y ventas para cada gimnasio', 'MODULE', 'Inventario de productos', true);

INSERT INTO public.saas_plans (saas_plan_id, billing_cycle, code, description, "name", price, status, stripe_price_id, mp_preapproval_plan_id) VALUES(3, 'ANNUAL', 'PLAM PREMIUM', 'PLAN PREMIUM', 'PLAN PREMIUM', 1500000.00, true, 'price_1TUegLFPCNJK5NTjd8GufxZS', NULL);
INSERT INTO public.saas_plans (saas_plan_id, billing_cycle, code, description, "name", price, status, stripe_price_id, mp_preapproval_plan_id) VALUES(1, 'ANNUAL', 'PLAN ANUAL', NULL, 'PLAN ANUAL', 1300000.00, true, 'price_1TUf0RFPCNJK5NTjltMZOOEj', NULL);
INSERT INTO public.saas_plans (saas_plan_id, billing_cycle, code, description, "name", price, status, stripe_price_id, mp_preapproval_plan_id) VALUES(2, 'MONTHLY', 'PLAN MENSUAL', NULL, 'PLAN MENSUAL', 250000.00, true, 'price_1TUey4FPCNJK5NTjfYdG8Gse', NULL);
INSERT INTO public.saas_plans (saas_plan_id, billing_cycle, code, description, "name", price, status, stripe_price_id, mp_preapproval_plan_id) VALUES(4, 'MONTHLY', 'FREE', 'Acceso básico sin costo mensual. Ideal para empezar', 'GRATIS 30 DIAS', 0.00, true, 'price_1TUtSHFPCNJK5NTj8n3pxEwa', NULL);

INSERT INTO public.saas_plan_features (saas_plan_feature_id, saas_feature_id, saas_plan_id, value_boolean, value_number, value_text) VALUES(89, 1, 4, true, NULL, NULL);
INSERT INTO public.saas_plan_features (saas_plan_feature_id, saas_feature_id, saas_plan_id, value_boolean, value_number, value_text) VALUES(90, 4, 4, NULL, 100.00, NULL);
INSERT INTO public.saas_plan_features (saas_plan_feature_id, saas_feature_id, saas_plan_id, value_boolean, value_number, value_text) VALUES(91, 3, 4, NULL, NULL, '1');
INSERT INTO public.saas_plan_features (saas_plan_feature_id, saas_feature_id, saas_plan_id, value_boolean, value_number, value_text) VALUES(92, 2, 4, true, NULL, NULL);
INSERT INTO public.saas_plan_features (saas_plan_feature_id, saas_feature_id, saas_plan_id, value_boolean, value_number, value_text) VALUES(36, 1, 3, true, NULL, NULL);
INSERT INTO public.saas_plan_features (saas_plan_feature_id, saas_feature_id, saas_plan_id, value_boolean, value_number, value_text) VALUES(37, 4, 3, NULL, 10000.00, NULL);
INSERT INTO public.saas_plan_features (saas_plan_feature_id, saas_feature_id, saas_plan_id, value_boolean, value_number, value_text) VALUES(38, 3, 3, NULL, NULL, '1');
INSERT INTO public.saas_plan_features (saas_plan_feature_id, saas_feature_id, saas_plan_id, value_boolean, value_number, value_text) VALUES(39, 2, 3, true, NULL, NULL);
INSERT INTO public.saas_plan_features (saas_plan_feature_id, saas_feature_id, saas_plan_id, value_boolean, value_number, value_text) VALUES(40, 5, 3, true, NULL, NULL);
INSERT INTO public.saas_plan_features (saas_plan_feature_id, saas_feature_id, saas_plan_id, value_boolean, value_number, value_text) VALUES(41, 8, 3, true, NULL, NULL);
INSERT INTO public.saas_plan_features (saas_plan_feature_id, saas_feature_id, saas_plan_id, value_boolean, value_number, value_text) VALUES(42, 6, 3, true, NULL, NULL);
INSERT INTO public.saas_plan_features (saas_plan_feature_id, saas_feature_id, saas_plan_id, value_boolean, value_number, value_text) VALUES(43, 7, 3, true, NULL, NULL);
INSERT INTO public.saas_plan_features (saas_plan_feature_id, saas_feature_id, saas_plan_id, value_boolean, value_number, value_text) VALUES(56, 1, 1, true, NULL, NULL);
INSERT INTO public.saas_plan_features (saas_plan_feature_id, saas_feature_id, saas_plan_id, value_boolean, value_number, value_text) VALUES(57, 4, 1, NULL, 700.00, NULL);
INSERT INTO public.saas_plan_features (saas_plan_feature_id, saas_feature_id, saas_plan_id, value_boolean, value_number, value_text) VALUES(58, 3, 1, NULL, NULL, '1');
INSERT INTO public.saas_plan_features (saas_plan_feature_id, saas_feature_id, saas_plan_id, value_boolean, value_number, value_text) VALUES(59, 2, 1, true, NULL, NULL);
INSERT INTO public.saas_plan_features (saas_plan_feature_id, saas_feature_id, saas_plan_id, value_boolean, value_number, value_text) VALUES(60, 4, 2, NULL, 100.00, NULL);
INSERT INTO public.saas_plan_features (saas_plan_feature_id, saas_feature_id, saas_plan_id, value_boolean, value_number, value_text) VALUES(61, 3, 2, NULL, NULL, '1');
INSERT INTO public.saas_plan_features (saas_plan_feature_id, saas_feature_id, saas_plan_id, value_boolean, value_number, value_text) VALUES(62, 2, 2, true, NULL, NULL);
INSERT INTO public.saas_plan_features (saas_plan_feature_id, saas_feature_id, saas_plan_id, value_boolean, value_number, value_text) VALUES(63, 6, 2, true, NULL, NULL);
INSERT INTO public.saas_plan_features (saas_plan_feature_id, saas_feature_id, saas_plan_id, value_boolean, value_number, value_text) VALUES(64, 7, 2, true, NULL, NULL);


INSERT INTO peoples (people_id, email, municipalitie_id, names, num_document, phone, photo, sexo_id, status, surnames, type_document_id)
VALUES(1, 'developer.cristian.m@gmail.com', 506, 'Cristian', '1076335229', '3137877593', 'hh', 1, true, 'Mosquera Mosquera', 1);

INSERT INTO users
(user_id, "password", people_id)
VALUES(1, '$2a$10$VeEPKcmaz0z9ZREsJcUs1Oh721JHG5JMMqS9QZiTyJgEXChAakHky', 1);

INSERT INTO gyms
(gym_id, email, gym_status, logo, municipalitie_id, "name", nit, phone, status, trial_expires_at, parent_gym_id)
VALUES(1, 'test@gmail.com', 'ACTIVE', '/uploads/gyms/712bf4ce6a79492ab448b41d02e1e1e2.jpg', 506, 'SexBody', '980764567-2', '3145678906', true, NULL, NULL);

INSERT INTO users_gyms
(user_gym_id, fingerprint, gym_id, status, user_id)
VALUES(1, decode('DDFFDFDFFFFFFFFDDFDAAAAD','hex'), 1, true, 1);

INSERT INTO public.users_gym_role
(user_gym_role_id, role_id, user_gym_id)
VALUES(1, 1, 1);









